date,action,drift_index,feature_score,prediction_score,performance_score,top_drift_feature,cooldown_blocked,retrained_today,ensemble_size
2016-12-13,moderate,2.6592304424117037,4.114611947708879,0.10493224085989106,3.2730199702339497,Ret_Vol_20,0,1,1
2017-03-06,moderate,3.018392319964329,6.656539693807842,0.0417187307015469,1.144202744102427,Ret_Vol_20,0,1,1
2017-03-08,moderate,2.7067389809562963,6.427233358404404,0.04735368387361588,0.40546510810816444,Ret_Vol_20,1,0,1
2017-03-09,moderate,2.772878145229902,6.440512762260875,0.04248758733708355,0.6130892137480899,Ret_Vol_20,1,0,1
2017-03-10,moderate,2.793990423974082,6.469277079176651,0.04088769886606967,0.6467109421453345,Ret_Vol_20,1,0,1
2017-03-13,moderate,2.7436912059759875,6.501820387318329,0.037512980894306346,0.439030522601213,Ret_Vol_20,0,1,1
2017-03-14,moderate,2.6063186624007217,6.5154172017571295,0.0005059389928987455,0.0,Ret_Vol_20,1,0,1
2017-03-15,moderate,2.69195053137517,6.553654702805218,0.001011877985797532,0.23395028952447838,Ret_Vol_20,1,0,1
2017-03-16,moderate,2.7174962915186893,6.581513111574127,0.001398960087847372,0.2815711962089472,Ret_Vol_20,1,0,1
2017-03-17,moderate,2.733691254911313,6.614257877979691,0.002325292700941311,0.29096838636384637,Ret_Vol_20,1,0,1
2017-03-20,moderate,2.751144858355627,6.653470827688597,0.006200589209736622,0.292987835057556,Ret_Vol_20,0,1,1
2017-03-21,moderate,2.680210706307037,6.699940460754778,0.0007817400170851909,0.0,Ret_Vol_20,1,0,1
2017-03-22,moderate,2.749916978176509,6.699940460754778,0.001095674110685022,0.23204030547130672,Ret_Vol_20,1,0,1
2017-03-23,moderate,2.8425327617484273,6.699940460754778,0.002410369291319269,0.5394448888637325,Ret_Vol_20,1,0,1
2017-03-24,moderate,2.8906394132600615,6.699940460754778,0.003019700139088205,0.6991910630547458,Ret_Vol_20,1,0,1
2017-03-27,moderate,2.7875539945465917,6.69852989703659,0.005329769609099328,0.35514368283075193,Ret_Vol_20,0,1,1
2017-03-28,moderate,2.6593433167301894,6.648170242515226,0.0002507324136626313,0.0,Ret_Vol_20,1,0,1
2017-03-29,moderate,2.669994632404677,6.648170242515226,0.0007758236918314414,0.034979294303455144,Ret_Vol_20,1,0,1
2017-03-30,moderate,2.7121919684779026,6.649268608805571,0.0011351118304651746,0.1738133046884497,Ret_Vol_20,1,0,1
2017-03-31,moderate,2.720030005392624,6.651034360537885,0.0016987796227599663,0.19702209096880685,Ret_Vol_20,1,0,1
2017-04-03,moderate,2.7523602654012893,6.653470827688597,0.0013394914841262332,0.30190028960204063,Ret_Vol_20,0,1,1
2017-04-04,moderate,2.6647746821397,6.661557571795333,0.0005055114052218593,0.0,Ret_Vol_20,1,0,1
2017-04-05,moderate,2.724942965020954,6.712537969460486,0.0005859544696623164,0.13250663631953408,Ret_Vol_20,1,0,1
2017-04-06,moderate,2.717911961150154,6.727654257017731,0.0008710660379127027,0.08862979510562619,Ret_Vol_20,1,0,1
2017-04-07,moderate,2.7274348267945423,6.74429267714636,0.0010060390794172785,0.09805314737390913,Ret_Vol_20,1,0,1
2017-04-10,moderate,2.7525929932146944,6.762582354176182,0.0010060390794172785,0.15752746606798795,Ret_Vol_20,0,1,1
2017-04-11,moderate,2.7131254442728787,6.782544144578221,0.0003592881386337149,0.0,Ret_Vol_20,1,0,1
2017-04-12,moderate,2.7274624299978565,6.803522287727995,0.0009452426082960531,0.01923314041389812,Ret_Vol_20,1,0,1
2017-04-13,moderate,2.8601074721797834,6.826803198209099,0.0019132583229020306,0.4293740513309107,Ret_Vol_20,1,0,1
2017-04-17,moderate,2.9544637863119148,6.8520484446747965,0.0036122486908559404,0.7085357794491323,Ret_Vol_20,0,1,1
2017-04-18,moderate,2.7192478349630242,6.7978308407147985,0.00038499559034834395,0.0,Ret_Vol_20,1,0,1
2017-04-19,moderate,2.8021989693170415,6.8292114935546095,0.001055173772575101,0.23399273254474923,Ret_Vol_20,1,0,1
2017-04-20,moderate,2.8138690841633855,6.865393528548701,0.0032606404257067632,0.2224449353873113,Ret_Vol_20,1,0,1
2017-04-21,moderate,2.8493635217005924,6.907975564443241,0.0037506478430034454,0.2834936719013162,Ret_Vol_20,1,0,1
2017-04-24,moderate,2.9357261962903616,6.960021057546822,0.0047669333704399635,0.5009589775350018,Ret_Vol_20,0,1,1
2017-04-25,moderate,2.799601270408277,6.995766752705984,0.0043152310862766,0.0,Ret_Vol_20,1,0,1
2017-04-26,moderate,2.9191230680825364,7.063553185334266,0.004866096536532336,0.3074732166262353,Ret_Vol_20,1,0,1
2017-04-27,moderate,2.9244680116626474,7.165667135532713,0.0084405623630639,0.1855632958021411,Ret_Vol_20,1,0,1
2017-04-28,high,3.35021573590883,8.135636440394777,0.014330041189012046,0.30554049131405087,Ret_Vol_20,1,0,1
2017-05-01,high,3.487193946494909,8.238248108020535,0.011713800470189367,0.6279352104854592,Ret_Vol_20,0,1,1
2017-05-02,high,3.663137219496623,9.15117871201377,0.008885782303714916,0.0,Ret_Vol_20,1,0,1
2017-05-03,high,3.6668055200160627,9.153233137924728,0.0089695501751572,0.009404665978748117,Ret_Vol_20,1,0,1
2017-05-04,high,3.682811642738519,9.153233137924728,0.008217320838665665,0.06351063772342691,Ret_Vol_20,1,0,1
2017-05-05,high,3.7361331134046134,9.153233137924728,0.0087880548342558,0.24067813928148551,Ret_Vol_20,1,0,1
2017-05-08,high,3.7165704262266246,9.153233137924728,0.008704286962813515,0.17555294989296433,Ret_Vol_20,0,1,1
2017-05-09,high,3.661383623485563,9.153233137924728,0.0003012277189060491,0.0,Ret_Vol_20,1,0,1
2017-05-10,high,3.7188229153385772,9.153233137924728,0.0039594614163798725,0.18780607247924164,Ret_Vol_20,1,0,1
2017-05-11,high,3.790030573772581,9.153233137924728,0.004299102961694353,0.42482529238060407,Ret_Vol_20,1,0,1
2017-05-12,high,3.7999086399392485,9.15117871201377,0.0043571633814220075,0.46043335373104455,Ret_Vol_20,1,0,1
2017-05-15,high,3.8451724166665335,9.149664646689088,0.004488371809599675,0.613200154826727,Ret_Vol_20,0,1,1
2017-05-16,high,3.660614722897467,9.15117871201377,0.00047746030652907065,0.0,Ret_Vol_20,1,0,1
2017-05-17,high,3.709744171023645,9.126540701754596,0.0008624558968774068,0.19623051184247892,Ret_Vol_20,1,0,1
2017-05-18,high,3.691680890894496,9.104155665819238,0.0007699847854512171,0.1659587637705487,Ret_Vol_20,1,0,1
2017-05-19,high,3.688974436220367,9.083764405655721,0.001154980375799542,0.1837405994844612,Ret_Vol_20,1,0,1
2017-05-22,high,3.742621839806493,9.065165223626515,0.0019367203928847363,0.386582447460072,Ret_Vol_20,0,1,1
2017-05-23,high,3.6263566658012336,9.065165223626515,0.0009685878354244691,0.0,Ret_Vol_20,1,0,1
2017-05-24,high,3.664487835320668,9.083764405655721,0.0014740992406463219,0.1017994776206198,Ret_Vol_20,1,0,1
2017-05-25,high,3.725657424180205,9.065165223626515,0.0019484570469106557,0.33002265871841896,Ret_Vol_20,1,0,1
2017-05-26,high,3.8036117882529012,9.048197954702465,0.0028292989609358986,0.6116127222787817,Ret_Vol_20,1,0,1
2017-05-30,high,3.9000483398143495,9.048197954702465,0.00478599145903262,0.9311112016521786,Ret_Vol_20,0,1,1
2017-05-31,high,3.6194052072639122,9.048197954702465,0.00042008460975494384,0.0,Ret_Vol_20,1,0,1
2017-06-01,high,3.667052256992781,9.048197954702465,0.0006956048769463678,0.15854797882903704,Ret_Vol_20,1,0,1
2017-06-02,high,3.6754723968944565,9.032733323525916,0.0008614747368537617,0.20706875021011162,Ret_Vol_20,1,0,1
2017-06-05,high,3.6465387843003105,9.018665614350112,0.0013323247103459116,0.12890947049053825,Ret_Vol_20,0,1,1
2017-06-06,high,3.602496535379564,9.005907481557577,0.0004451425217775148,0.0,Ret_Vol_20,1,0,1
2017-06-07,high,3.610220572624746,8.994386189043801,0.0007787232086966479,0.040774933482053854,Ret_Vol_20,1,0,1
2017-06-08,high,3.6301082281022694,8.984040830846595,0.0010638347769469777,0.12057581776849036,Ret_Vol_20,1,0,1
2017-06-09,high,3.7446473638214712,8.973782757709737,0.004821952496518751,0.5122922499620687,Ret_Vol_20,1,0,1
2017-06-12,high,3.6816385981408315,8.964576913539556,0.005242037106273676,0.314117405310423,Ret_Vol_20,0,1,1
2017-06-13,high,3.582658159060939,8.956385388052826,0.00034667946602828293,0.0,Ret_Vol_20,1,0,1
2017-06-14,high,3.6212184506905283,8.949176078162127,0.0008526184589269818,0.13764077962666288,Ret_Vol_20,1,0,1
2017-06-15,high,3.687426344500186,8.949176078162127,0.0006829962043409267,0.3585033812467746,Ret_Vol_20,1,0,1
2017-06-16,high,3.725983583912517,8.949176078162127,0.0010679917946892486,0.48664251703086236,Ret_Vol_20,1,0,1
2017-06-19,high,3.6627101435974687,8.949176078162127,0.001103080814095862,0.27569596029463017,Ret_Vol_20,0,1,1
2017-06-20,high,3.57725142713556,8.942921927638507,0.00027552026719142786,0.0,Ret_Vol_20,1,0,1
2017-06-21,high,3.5869435162677235,8.942690195442804,0.000622199733219698,0.03226926056878554,Ret_Vol_20,1,0,1
2017-06-22,high,3.6495434289881783,8.942690195442804,0.001042284342974639,0.24051555169388117,Ret_Vol_20,1,0,1
2017-06-23,high,3.628424181356861,8.943123171487724,0.001042284342974639,0.16954075819626357,Ret_Vol_20,1,0,1
2017-06-26,high,3.6174725065542197,8.943123171487724,0.001042284342974639,0.13303517552079336,Ret_Vol_20,0,1,1
2017-06-27,high,3.5751227871745104,8.937600327735883,0.00027552026719143956,0.0,Ret_Vol_20,1,0,1
2017-06-28,high,3.593902761687326,8.938851965994266,0.0013526022657491667,0.05985398203298392,Ret_Vol_20,1,0,1
2017-06-29,high,3.6046024420779905,8.940783263430525,0.001413398736870384,0.09288372361573233,Ret_Vol_20,1,0,1
2017-06-30,high,3.614115199766508,8.943398356368343,0.0019523402374742064,0.12056718382642917,Ret_Vol_20,1,0,1
2017-07-03,high,3.6538305730118052,8.946702842441873,0.002704164567043947,0.24779395554980943,Ret_Vol_20,0,1,1
2017-07-05,moderate,3.1914796566597796,7.97834600416933,0.0004708499734921499,0.0,Ret_Vol_20,1,0,1
2017-07-06,high,3.308952139697271,7.982060200994882,0.0015986973357870987,0.3854948336619398,Ret_Vol_20,1,0,1
2017-07-07,high,3.2566411920459255,7.9796300179822595,0.001993074493827421,0.21397087501624557,Ret_Vol_20,1,0,1
2017-07-10,high,3.2993732212706344,7.978175708227928,0.0018338149669569308,0.3585093116312529,Ret_Vol_20,0,1,1
2017-07-11,moderate,3.15562589455934,7.888795316465753,0.0003592265767958904,0.0,Ret_Vol_20,1,0,1
2017-07-12,high,3.2926451792041096,7.888288357414423,0.01838971451692208,0.43937640627754493,Ret_Vol_20,1,0,1
2017-07-13,high,3.3384894914133723,7.888795316465753,0.01931816695011013,0.5905863824734596,Ret_Vol_20,1,0,1
2017-07-14,high,3.2921520447659693,7.890318340395831,0.015708269785339155,0.43770742557344894,Ret_Vol_20,1,0,1
2017-07-17,high,3.323612253534348,7.892863917682973,0.01505127239653635,0.5398376824739919,Ret_Vol_20,0,1,1
2017-07-18,moderate,3.1586849966410524,7.896443025498655,0.0003592881386337136,0.0,Ret_Vol_20,1,0,1
2017-07-19,moderate,3.210057181079388,7.905351468209082,0.0008647995438555859,0.1588571797753281,Ret_Vol_20,1,0,1
2017-07-20,high,3.2531787780047248,7.9151920398787645,0.002319734551556096,0.2880201389591738,Ret_Vol_20,1,0,1
2017-07-21,high,3.3280457239809675,7.925999524200824,0.003852855059602618,0.5216335259425241,Ret_Vol_20,1,0,1
2017-07-24,high,3.3377003018822333,7.937814305821329,0.005240955383963507,0.5366743097950415,Ret_Vol_20,0,1,1
2017-07-25,moderate,3.178260991239559,7.945356695230368,0.0003943771580403061,0.0,Ret_Vol_20,1,0,1
2017-07-26,high,3.252413472097462,7.945356695230368,0.0011253518113882826,0.24644396153966164,Ret_Vol_20,1,0,1
2017-07-27,high,3.2739360881923076,7.9327395066211945,0.002033664433173445,0.33410062071292657,Ret_Vol_20,1,0,1
2017-07-28,high,3.2904910748082568,7.921182894682195,0.003085798224310668,0.4036405915602851,Ret_Vol_20,1,0,1
2017-07-31,high,3.3063204107817996,7.910640201756907,0.02931739434203445,0.4442303725880876,Ret_Vol_20,0,1,1
2017-08-01,moderate,3.168238191368558,7.910640201756907,0.01327370221931581,0.0,Ret_Vol_20,1,0,1
2017-08-02,high,3.3481744408517664,7.901071383403904,0.008842806698413107,0.6169768182689359,Ret_Vol_20,1,0,1
2017-08-03,high,3.292999212951587,7.89244202253599,0.007073510009435872,0.4463345031145324,Ret_Vol_20,1,0,1
2017-08-04,high,3.311046373961321,7.884722548613086,0.006942729168935069,0.5169151192180211,Ret_Vol_20,1,0,1
2017-08-07,high,3.357174586202329,7.877887614836444,0.0067176935084858605,0.6800141073840168,Ret_Vol_20,0,1,1
2017-08-08,moderate,3.1274517160149564,7.818333507168861,0.0003943771580402957,0.0,Ret_Vol_20,1,0,1
2017-08-09,moderate,3.1355580170006303,7.811802148139741,0.0003943771580402957,0.03572948199107251,Ret_Vol_20,1,0,1
2017-08-10,moderate,3.223327614490251,7.806142827057283,0.001793817308720851,0.33444112824907185,Ret_Vol_20,1,0,1
2017-08-11,moderate,3.184796190469169,7.80133779352605,0.002092247414395498,0.21211132944809935,Ret_Vol_20,1,0,1
2017-08-14,moderate,3.181274038012964,7.803818399148023,0.0018206546260099267,0.19733493988650563,Ret_Vol_20,0,1,1
2017-08-15,moderate,3.0837287294676954,7.7090330769764766,0.0003849955903483254,0.0,Ret_Vol_20,1,0,1
2017-08-16,moderate,3.1199039720250044,7.711263671906705,0.0011875852836552847,0.11680742559075252,Ret_Vol_20,1,0,1
2017-08-17,high,3.2517166012310783,7.679469845784032,0.0051567090247221226,0.5946055007001628,Ret_Vol_20,1,0,1
2017-08-18,moderate,3.206755897085432,7.6526375106751825,0.00648395131612394,0.4791856914017382,Ret_Vol_20,1,0,1
2017-08-21,high,3.269145374029735,7.6526375106751825,0.006929093837901454,0.686705472027638,Ret_Vol_20,0,1,1
2017-08-22,moderate,3.049448250614657,7.623385175966442,0.00031393409359983544,0.0,Ret_Vol_20,1,0,1
2017-08-23,moderate,3.0609084716924273,7.600470079319056,0.0006886646583208864,0.0683794685576945,Ret_Vol_20,1,0,1
2017-08-24,moderate,3.0806070284401383,7.580294517426244,0.0012138226568619952,0.1604169155752716,Ret_Vol_20,1,0,1
2017-08-25,moderate,3.1207785191599573,7.562523226644538,0.0014565929198981304,0.31777416875390774,Ret_Vol_20,1,0,1
2017-08-28,moderate,3.149684948789752,7.546904632054801,0.0024474370218304704,0.43396288287094076,Ret_Vol_20,0,1,1
2017-08-29,moderate,3.013416659401527,7.533245865635287,0.00039437715804031,0.0,Ret_Vol_20,1,0,1
2017-08-30,moderate,2.6546882523306583,6.56957999424789,0.0006802601529473503,0.08884058861872624,Ret_Vol_20,1,0,1
2017-08-31,moderate,2.613912892311051,6.473981770032488,0.0014824060076458973,0.07958487498587197,Ret_Vol_20,1,0,1
2017-09-01,moderate,2.6316472622007185,6.4129380495728565,0.002152584189872646,0.2194208903820467,Ret_Vol_20,1,0,1
2017-09-05,moderate,2.7069474873775228,6.367606775007479,0.0018767831656862017,0.5311391414160834,Ret_Vol_20,0,1,1
2017-09-08,moderate,2.610379862831626,6.320153411932276,0.0007567329683991257,0.273638260560653,Ret_Vol_20,1,0,1
2017-09-12,moderate,2.6045952886146173,6.303894265875607,0.0019342362813338475,0.27485770459991354,Ret_Vol_20,0,1,1
2017-09-19,moderate,2.611354707292589,6.267550580904558,0.0026390758952903135,0.34514250720726136,Ret_Vol_20,0,1,1
2017-09-29,moderate,2.596378166284053,6.29001239741128,0.002242047954700504,0.26566864311043714,Ret_Vol_20,0,1,1
2017-12-01,moderate,2.626345095131822,5.650405889424944,0.03060612532718484,1.1900030058789628,Ret_Vol_20,0,1,1
2017-12-15,moderate,2.84691953441499,6.773830754754853,0.0168567369917339,0.4411007047184291,Ret_Vol_20,0,1,1
2017-12-18,moderate,2.7099381668087643,6.773830754754853,0.0013528830227441699,0.0,Ret_Vol_20,1,0,1
2017-12-19,moderate,2.718162766269976,6.773830754754853,0.003693322717380394,0.025074891842735814,Ret_Vol_20,1,0,1
2017-12-20,moderate,2.7558010890118263,6.764051960379934,0.004689961651497638,0.16257772121467795,Ret_Vol_20,0,1,1
2017-12-21,moderate,2.702415977862112,6.755025282388221,0.0013528830227441664,0.0,Ret_Vol_20,1,0,1
2017-12-22,moderate,2.7278601635279767,6.746730479005377,0.030846828163114674,0.06637974492297039,Ret_Vol_20,1,0,1
2017-12-26,moderate,2.748811010827277,6.739149672472022,0.028431955363311112,0.14873851743158306,Ret_Vol_20,0,1,1
2017-12-27,moderate,2.6960222278405266,6.739149672472022,0.001207862839058618,0.0,Ret_Vol_20,1,0,1
2017-12-28,moderate,2.774915314312032,6.739149672472022,0.002560745861802787,0.2616240718822739,Ret_Vol_20,1,0,1
2017-12-29,moderate,2.793925488723324,6.739149672472022,0.002560745861802787,0.3249913199199128,Ret_Vol_20,1,0,1
2018-01-02,moderate,2.7520711139715983,6.732267103459705,0.0035519598916868844,0.19366228206736746,Ret_Vol_20,0,1,1
2018-01-09,moderate,2.952684877417878,6.720543036423111,0.009580565222243872,0.8719783109398691,Ret_Vol_20,0,1,1
2018-01-10,moderate,2.6917552319943496,6.720543036423111,0.011793391417017867,0.0,Ret_Vol_20,1,0,1
2018-01-11,moderate,2.720503799553307,6.748994602410397,0.025702142157514492,0.04398438647297864,Ret_Vol_20,1,0,1
2018-01-12,moderate,2.7925698500400467,6.78233498262178,0.027878603530498744,0.2375742531072823,Ret_Vol_20,1,0,1
2018-01-16,moderate,2.865620595698365,6.822155127487505,0.02762669623254086,0.4282351194453361,Ret_Vol_20,0,1,1
2018-01-17,moderate,2.735328666517867,6.837968528814548,0.0004708499734921395,0.0,Ret_Vol_20,1,0,1
2018-01-18,moderate,2.762504275804214,6.861599225654794,0.0006571006461273581,0.0588915178281918,Ret_Vol_20,1,0,1
2018-01-19,moderate,2.807593335563874,6.88840402969749,0.0010670925866604502,0.1730386530295993,Ret_Vol_20,1,0,1
2018-01-22,moderate,2.8687313901280556,6.919040085668454,0.0011280123479135615,0.33592317385433135,Ret_Vol_20,0,1,1
2018-01-23,moderate,2.7839494495610246,6.959554501956218,0.0004254959284583098,0.0,Ret_Vol_20,1,0,1
2018-01-24,moderate,2.8657942463732415,7.001408002939373,0.004394619669525129,0.21304219765545002,Ret_Vol_20,1,0,1
2018-01-25,moderate,2.904181945913954,7.05255067759445,0.00535062998332232,0.27185495293725787,Ret_Vol_20,1,0,1
2018-01-31,moderate,2.6438633398658706,6.239713113238224,0.002935732961807749,0.4903245822734631,Ret_Vol_20,0,1,1
2018-02-01,moderate,2.827469688378193,7.068294766700808,0.0005059389928987745,0.0,Ret_Vol_20,1,0,1
2018-03-02,moderate,2.6000291293642377,4.905785655085789,0.011252541798756108,2.1144636826343173,Ret_Vol_20,0,1,1
2018-06-29,moderate,2.596686678703985,4.116303503033239,0.13775996914350536,3.029457622492125,Ret_Vol_20,0,1,1
2019-01-14,moderate,2.672352874231081,5.434326039159304,0.06582589529555494,1.5962489665956419,Ret_Vol_20,0,1,1
2019-09-24,moderate,2.874617164666402,2.7597666049713916,0.16623705901533023,5.7361313499108215,Ret_Vol_20,0,1,1
2019-11-15,moderate,2.693766884809182,0.39442220554216595,0.10373477944861284,8.349591895859106,Ret_Vol_20,0,1,1
2020-06-09,moderate,2.952096150217188,5.813659044562467,0.07319622051948305,2.015578887454522,Ret_Vol_20,0,1,1
2020-06-22,moderate,2.5967049639851334,6.180564918722036,0.07922157393488657,0.33570841438617716,Ret_Vol_20,0,1,1
2020-06-24,moderate,2.9220083350958013,7.1875495380163805,0.0008617554938487905,0.15576664413698044,Ret_Vol_20,1,0,1
2020-06-25,moderate,2.990802136282778,7.293791483367761,0.0030746350576522567,0.2412105080612601,Ret_Vol_20,1,0,1
2020-06-26,high,3.3480220096157445,8.259671565685132,0.0032937543928477798,0.14388419007945885,Ret_Vol_20,1,0,1
2020-06-29,high,3.358608821448628,8.284102410133896,0.003279951697986952,0.146612906285579,Ret_Vol_20,0,1,1
2020-06-30,high,3.3269490344764217,8.18992885535671,0.16992497444579108,0.0,Ret_Vol_20,1,0,1
2020-07-01,high,3.4052347183924865,8.217632307472147,0.16890461083963276,0.22503470717245921,Ret_Vol_20,1,0,1
2020-07-02,high,3.4363071924388704,8.247494536803814,0.15837153225285397,0.2993263934716285,Ret_Vol_20,1,0,1
2020-07-06,high,3.535212628240027,8.279862462087156,0.1498275513564596,0.5943979266607557,Ret_Vol_20,0,1,1
2020-07-07,high,3.2827375252195505,8.206500017294754,0.00045839433882955164,0.0,Ret_Vol_20,1,0,1
2020-07-08,high,3.4055113782244715,8.244894021430865,0.0009495218677249471,0.3575630436393602,Ret_Vol_20,1,0,1
2020-07-09,high,3.399717772419488,8.287933092553933,0.0013204878191190863,0.2804946301739279,Ret_Vol_20,1,0,1
2020-07-10,high,3.420469742845586,8.298525880779815,0.00205146247246707,0.3348131726397319,Ret_Vol_20,1,0,1
2020-07-13,high,3.38991756435586,8.321601399776622,0.0022321483096571317,0.20202453317437946,Ret_Vol_20,0,1,1
2020-07-14,high,3.3549695233672487,8.384749486478587,0.0035657625860476437,0.0,Ret_Vol_20,1,0,1
2020-07-15,high,3.4593286761752386,8.457034183790032,0.004515284453772615,0.250534724410313,Ret_Vol_20,1,0,1
2020-07-16,high,3.908434039070086,9.398395497041426,0.005211170087713993,0.49170829742400457,Ret_Vol_20,1,0,1
2020-07-17,high,3.9389919769751556,9.398395497041426,0.005211170087713966,0.5935680904409035,Ret_Vol_20,1,0,1
2020-07-20,high,3.905612758991281,9.39052463733077,0.006160691955438938,0.49184898824113643,Ret_Vol_20,0,1,1
2020-07-21,high,3.756265730134099,9.39052463733077,0.00018625067263515005,0.0,Ret_Vol_20,1,0,1
2020-07-22,high,3.7952637969252008,9.38588809354655,0.00039500728011506277,0.13596685774182093,Ret_Vol_20,1,0,1
2020-07-23,high,3.8653047352241225,9.384356372577953,0.00039500728011506277,0.3714789466963556,Ret_Vol_20,1,0,1
2020-07-24,high,3.886332366201715,9.35977425614684,0.06534771871140917,0.4093944937651871,Ret_Vol_20,1,0,1
2020-07-27,high,3.4672806591156933,8.386345338135623,0.06553710778858318,0.31027130508289724,Ret_Vol_20,0,1,1
2020-07-28,high,3.3453727967168767,8.363431991792192,0.0,0.0,Ret_Vol_20,1,0,1
2020-07-29,high,3.3395049771420533,8.256559810986925,0.00023166644596310255,0.12270517604498055,Ret_Vol_20,1,0,1
2020-07-30,high,3.3012573734496655,8.18386952280459,0.0002787835123554093,0.09208643091374152,Ret_Vol_20,1,0,1
2020-07-31,high,3.277652273934823,8.12652573657559,0.0012370086200642742,0.08890292239522363,Ret_Vol_20,1,0,1
2020-08-03,high,3.2550392066813547,8.07833109460032,0.001165634044306572,0.07785692875978062,Ret_Vol_20,0,1,1
2020-08-04,moderate,2.8453022892087905,7.113255723021975,0.0,0.0,Ret_Vol_20,1,0,1
2020-08-05,moderate,2.8519789645777,7.007831448579235,0.006931471804599297,0.15588981201542085,Ret_Vol_20,1,0,1
2020-08-06,moderate,2.819004324574554,6.9363739454964115,0.007198288831806836,0.14098419908815552,Ret_Vol_20,1,0,1
2020-08-07,moderate,2.8092604132571077,6.880183210176852,0.007980028848892033,0.182643735105665,Ret_Vol_20,1,0,1
2020-08-10,moderate,2.8067229978838886,6.83310463728741,0.012430770268952184,0.23250637296079651,Ret_Vol_20,0,1,1
2020-08-11,moderate,2.7169984100580105,6.792049023936142,0.0005960016118434068,0.0,Ret_Vol_20,1,0,1
2020-08-12,moderate,2.703882100492061,6.751402062285561,0.0009695649340285542,0.010101353658759749,Ret_Vol_20,1,0,1
2020-08-13,moderate,2.72979658156529,6.715414062632588,0.004326570912596294,0.1411099507949195,Ret_Vol_20,1,0,1
2020-08-14,moderate,2.730130862708627,6.683097777273953,0.004573741346484602,0.1850654313170017,Ret_Vol_20,1,0,1
2020-08-17,moderate,2.7054589534936984,6.653793044327183,0.0053232098467135384,0.14114924269603724,Ret_Vol_20,0,1,1
2020-08-18,moderate,2.6510941453489316,6.627033573992681,0.0009357191728641607,0.0,Ret_Vol_20,1,0,1
2020-08-19,moderate,2.7085813675277106,6.602476039132906,0.001514876186013928,0.22378829672914569,Ret_Vol_20,1,0,1
2020-09-15,moderate,2.595670226689415,4.009167037522897,0.09276914279149981,3.213908896142687,Ret_Vol_20,0,1,1
