date,rolling_logloss_static_w60,rolling_logloss_adaptive_w60
2016-01-04,,
2016-01-05,,
2016-01-06,,
2016-01-07,,
2016-01-08,,
2016-01-11,,
2016-01-12,,
2016-01-13,,
2016-01-14,,
2016-01-15,,
2016-01-19,,
2016-01-20,,
2016-01-21,,
2016-01-22,,
2016-01-25,,
2016-01-26,,
2016-01-27,,
2016-01-28,,
2016-01-29,,
2016-02-01,,
2016-02-02,,
2016-02-03,,
2016-02-04,,
2016-02-05,,
2016-02-08,,
2016-02-09,,
2016-02-10,,
2016-02-11,,
2016-02-12,,
2016-02-16,,
2016-02-17,,
2016-02-18,,
2016-02-19,,
2016-02-22,,
2016-02-23,,
2016-02-24,,
2016-02-25,,
2016-02-26,,
2016-02-29,,
2016-03-01,,
2016-03-02,,
2016-03-03,,
2016-03-04,,
2016-03-07,,
2016-03-08,,
2016-03-09,,
2016-03-10,,
2016-03-11,,
2016-03-14,,
2016-03-15,,
2016-03-16,,
2016-03-17,,
2016-03-18,,
2016-03-21,,
2016-03-22,,
2016-03-23,,
2016-03-24,,
2016-03-28,,
2016-03-29,,
2016-03-30,1.387613668643108,1.358488620067135
2016-03-31,1.4574412476768817,1.4066614826987378
2016-04-01,1.4546924174421803,1.4036227900855054
2016-04-04,1.3853776993861857,1.334049668920578
2016-04-05,1.4115587933469833,1.353323533246527
2016-04-06,1.4823670473811392,1.4032524044724268
2016-04-07,1.4738532869850394,1.397123658137005
2016-04-08,1.473950468990219,1.3969309777636536
2016-04-11,1.449012214717982,1.3801062359507852
2016-04-12,1.4521964686640272,1.382228559657062
2016-04-13,1.4627585313321798,1.3945941820692185
2016-04-14,1.464092576460072,1.392489286647147
2016-04-15,1.4486465425977146,1.3813813044225174
2016-04-18,1.3929405945703943,1.3260155042557171
2016-04-19,1.3756813586920449,1.3117752487864494
2016-04-20,1.399817521439328,1.3318414621918648
2016-04-21,1.4032415876762416,1.334410640188986
2016-04-22,1.4222611193943568,1.3357350430448902
2016-04-25,1.4154610126354095,1.3294504412974655
2016-04-26,1.4243994244531923,1.3383888531152484
2016-04-27,1.40050071761804,1.3139186617221188
2016-04-28,1.451128992162257,1.3701548068766891
2016-04-29,1.4463965963232372,1.3675147067867324
2016-05-02,1.423731469557459,1.3441513976591348
2016-05-03,1.418073017218853,1.3384089820866962
2016-05-04,1.4396518033454264,1.3461059494976844
2016-05-05,1.4566441994319668,1.3633933385358814
2016-05-06,1.0012582251298991,0.9033836046957372
2016-05-09,0.9809309097787268,0.8905960188171761
2016-05-10,0.9536018554132363,0.8855580042859604
2016-05-11,0.9841448798090415,0.9558831327055622
2016-05-12,1.0676554680439792,0.9650842757438962
2016-05-13,1.048739135829996,0.9629489240789583
2016-05-16,1.044070221383056,0.9566528823196445
2016-05-17,1.0879692585321974,0.9928470112454206
2016-05-18,1.1062794633433326,0.9905445056040737
2016-05-19,1.1023273001218499,0.9900716606519201
2016-05-20,1.1244418157993346,0.9860680683983726
2016-05-23,1.1225731941639896,0.9852805203175301
2016-05-24,1.1115258303129127,0.97098214675693
2016-05-25,1.1327267665034135,0.9952492750758394
2016-05-26,1.113082516564386,0.9813801741530628
2016-05-27,1.138875225042986,0.9999528515803335
2016-05-31,1.1365541905874441,0.9987111427920348
2016-06-01,1.1326987049891,0.9943471287709031
2016-06-02,1.1275370682721642,0.9892992581384739
2016-06-03,1.1583008464471363,1.0220260869077191
2016-06-06,1.2345460294221924,1.1091218648029393
2016-06-07,1.2195803362020932,1.1058472763990717
2016-06-08,1.2337838674552537,1.1332177386533564
2016-06-09,1.2983038843037185,1.1625153706125628
2016-06-10,1.295265191690486,1.1037426952022935
2016-06-13,1.298030136309262,1.1105004470040962
2016-06-14,1.3304619721268505,1.1634680108432287
2016-06-15,1.3185173441606814,1.150195820563309
2016-06-16,1.2954124381420165,1.1177639847457206
2016-06-17,1.3121251769733164,1.1363040782590614
2016-06-20,1.3165498088923293,1.141098779466591
2016-06-21,1.3344790447355304,1.1527809348166242
2016-06-22,1.3367045679459224,1.1927458560299302
2016-06-23,1.3619566884953036,1.1927458560299302
2016-06-24,1.313783825863701,1.1647518198448077
2016-06-27,1.3445476040386732,1.1958054603983113
2016-06-28,1.3496931953995,1.2032168907526686
2016-06-29,1.3283693418065412,1.1859295017144718
2016-06-30,1.2531883500312602,1.1315365683180365
2016-07-01,1.2321509881570951,1.1128044000404964
2016-07-05,1.250756185919887,1.1149480230041982
2016-07-06,1.3268286557776843,1.150475144585038
2016-07-07,1.3222547083493381,1.1637607594864379
2016-07-08,1.3765563173163629,1.187348791119657
2016-07-11,1.3584792165381399,1.1738019297143896
2016-07-12,1.3601198844183606,1.1743747237727928
2016-07-13,1.3779325398436677,1.1911276951398264
2016-07-14,1.4194465629321313,1.2620545736367967
2016-07-15,1.3971592595299531,1.244309394686923
2016-07-18,1.384613604900583,1.2801166349063695
2016-07-19,1.4185616370216003,1.3291906178924768
2016-07-20,1.4682386142839994,1.362426899392896
2016-07-21,1.4381092841077576,1.3335802532355898
2016-07-22,1.4757279960897125,1.3547429289833224
2016-07-25,1.4574177912785773,1.3147780077700162
2016-07-26,1.4865477303753596,1.3475313969698495
2016-07-27,1.4921022106570876,1.3491455607363483
2016-07-28,1.4967294062670589,1.3532030410275975
2016-07-29,1.478984227317185,1.3448348419643101
2016-08-01,1.4604802218727977,1.3301694571692555
2016-08-02,1.496433875918173,1.3855352573360558
2016-08-03,1.496176801412746,1.3850657427199442
2016-08-04,1.4945205935158592,1.3901037572511596
2016-08-05,1.4755300221293866,1.3410297742650523
2016-08-08,1.3886144261692368,1.3256707728023807
2016-08-09,1.3890975517837911,1.3231317607260138
2016-08-10,1.3891925188023684,1.3232256576879848
2016-08-11,1.3729948424185523,1.3098793602754462
2016-08-12,1.3558972935121243,1.3141449165110661
2016-08-15,1.355172541646462,1.3086372466033231
2016-08-16,1.3595452793875868,1.3150088807504337
2016-08-17,1.3904499431577433,1.3436364057016725
2016-08-18,1.385119087234657,1.3472765381444787
2016-08-19,1.3604774113182134,1.3266638276919969
2016-08-22,1.3641964705067835,1.3209111859940437
2016-08-23,1.336718826746994,1.3026009811829087
2016-08-24,1.3700935017560392,1.363660341951736
2016-08-25,1.37575580899617,1.418766396601591
2016-08-26,1.4158046934433086,1.4540205798412
2016-08-29,1.4072909330472085,1.43960395588309
2016-08-30,1.7910554839122963,1.4280515028737575
2016-08-31,1.832208122125961,1.4635400590690912
2016-09-01,1.8170519506421345,1.434146915864735
2016-09-02,1.7804315410198643,1.422264419067133
2016-09-06,1.7221564149954232,1.4160886050171007
2016-09-07,1.7226653603930913,1.3979178710338074
2016-09-08,1.6748040333116911,1.3333978541853424
2016-09-09,1.6751962082685277,1.3332892761683226
2016-09-12,1.6105896111387779,1.2893902390191812
2016-09-13,1.5968958527165598,1.2658568603886795
2016-09-14,1.5933579547319379,1.260381792605829
2016-09-15,1.6497644591210339,1.2632134432190856
2016-09-16,1.6509483886729799,1.2254981126090587
2016-09-19,1.6587817824937423,1.2518207868956723
2016-09-20,1.6587817824937423,1.255969054352616
2016-09-21,1.6469235105066065,1.2450456068096645
2016-09-22,1.684268671994539,1.2764435194452621
2016-09-23,1.6986852959526493,1.2895423346787773
2016-09-26,1.7507613817092653,1.748578833049143
2016-09-27,1.7318338223701244,1.7564122268699052
2016-09-28,1.7351123272742255,1.7975037029354202
2016-09-29,1.660490047032922,1.754302848148098
2016-09-30,1.6675420477553535,1.7443046866968752
2016-10-03,1.6193691851237508,1.7238508589220385
2016-10-04,1.6178020359629461,1.7217353471121524
2016-10-05,1.6158177132960132,1.7351347062271565
2016-10-06,1.6165697205506875,1.738505320668738
2016-10-07,1.5931698215803662,1.6674606560513827
2016-10-10,1.619444286466975,1.7418924580289592
2016-10-11,1.631989941096345,1.6922033990939276
2016-10-12,1.5944684111195702,1.6723769979793637
2016-10-13,1.5453944281334628,1.6408870323328308
2016-10-14,1.565667683538871,1.6441365769052894
2016-10-17,1.5583038043342203,1.6286005088881153
2016-10-18,1.5628360329256143,2.067601124464998
2016-10-19,1.5321858270243045,2.032755439516102
2016-10-20,1.5647425073707124,2.0738904317072957
2016-10-21,1.577444841571494,2.085442884716628
2016-10-24,1.565466833528742,2.077283747627983
2016-10-25,1.6022810437842643,2.106070763429491
2016-10-26,1.5640029542698168,2.051769154462466
2016-10-27,1.5678072651361665,2.0483302139125024
2016-10-28,1.5852400743892112,2.042582872474307
2016-10-31,1.5565272977601927,2.010403566740395
2016-11-01,1.5606126720607423,2.018430046800078
2016-11-02,1.6193853474710116,2.0785216775529927
2016-11-03,1.639934686490998,2.0836652655882966
2016-11-04,1.634586224489663,2.065583374849797
2016-11-07,1.6314430383262037,2.0456216549945916
2016-11-08,1.6308337450639738,2.0458748244194913
2016-11-09,1.6288706944697007,2.056802984719909
2016-11-10,1.6202497525680961,2.0338175535258873
2016-11-11,1.64117575545337,2.0483824730743287
2016-11-14,1.658318816858497,2.0607051401362466
2016-11-15,1.6760000162032513,2.0846412433222477
2016-11-16,1.6747648833340227,2.07074792638843
2016-11-17,1.6662511229379227,2.036090567360433
2016-11-18,1.6764597470405866,1.9992076851220268
2016-11-21,1.6380833288240193,1.970175566864024
2016-11-22,1.5958550485913954,1.9319755171362987
2016-11-23,1.137186520638294,1.8594708848636439
2016-11-25,1.1109995756447288,1.8419360136464238
2016-11-28,1.096485769681439,1.8453600798833374
2016-11-29,1.0858859569027721,1.8925803022842742
2016-11-30,1.0913096635766826,1.8972345926641496
2016-12-01,1.09210346439317,1.8968196334704543
2016-12-02,1.073793259582035,1.9076917199044492
2016-12-05,1.0845703789974523,1.9052778707731415
2016-12-06,1.0896847645191796,1.9067047666518582
2016-12-07,1.1721640960254824,1.9265190860937897
2016-12-08,1.1708510813945974,1.9266865916913316
2016-12-09,1.1015363633386028,1.9088988957115975
2016-12-12,1.134173963086563,1.9381004659255245
2016-12-13,1.1762694404917005,1.9662071151516947
2016-12-14,1.1726742976112554,1.9623437549174059
2016-12-15,1.1550866001480138,1.9446872286588255
2016-12-16,1.1429876500916314,1.9537962904316266
2016-12-19,1.1231612489770675,1.9375361686144505
2016-12-20,1.1211981983827946,1.5385004742508737
2016-12-21,1.1203130346275618,1.5059736714147076
2016-12-22,1.1318654876368943,1.5304126225612646
2016-12-23,1.1359193261349103,1.5357201847465736
2016-12-27,1.1295476919877998,1.5307695734529239
2016-12-28,1.1594103498082675,1.5283654133055147
2016-12-29,1.186887993568057,1.5604693696964582
2016-12-30,1.1868031757429323,1.5436093545018168
2017-01-03,1.1694607009477098,1.5253952114359608
2017-01-04,1.1831969583304824,1.5465110048274162
2017-01-05,1.2135162657207519,1.5312394926295136
2017-01-06,1.2147289216254589,1.574983969165566
2017-01-09,1.212539988257774,1.5397918048950436
2017-01-10,1.2122788863120342,1.5380454890411575
2017-01-11,1.1911463340788786,1.532570421258307
2017-01-12,1.1640859582884444,1.5251690888543747
2017-01-13,1.1390180016755063,1.103028488472133
2017-01-17,1.143841217289763,1.1072706528910479
2017-01-18,1.1746049954647353,1.0830901048534234
2017-01-19,1.158050799247897,1.0686959882136111
2017-01-20,1.1681297363014953,1.068830941717488
2017-01-23,1.130934557078039,1.070281131333982
2017-01-24,1.1282950851485147,1.0694766856511515
2017-01-25,1.1581577429689822,1.1085256254597782
2017-01-26,1.212459351936007,1.1431829844877757
2017-01-27,1.6670321568352509,1.1793021031894246
2017-01-30,1.6802892573299237,1.1932830863851136
2017-01-31,1.6155108373725262,1.148829282942081
2017-02-01,1.625504522748345,1.1484490383126447
2017-02-02,1.6094042866279021,1.1507899022371297
2017-02-03,1.596719322586761,1.1673126815423716
2017-02-06,1.6029719852303084,1.166975969753763
2017-02-07,1.5949087027073405,1.169342140774936
2017-02-08,1.6116887816975904,1.2191515371761923
2017-02-09,1.6073916298758888,1.216537495984643
2017-02-10,1.6078818612959935,1.2327351723684592
2017-02-13,1.5863963510848895,1.2089802303864063
2017-02-14,1.57383348771195,1.6641375219164245
2017-02-15,1.5674502835076816,1.7073086413405216
2017-02-16,1.550189658682586,1.6941440278902133
2017-02-17,1.5696497446851703,1.6942661285584146
2017-02-21,1.569387272069035,1.6932348718297965
2017-02-22,1.568218779299251,1.689154173266875
2017-02-23,1.5572164312310548,1.6750325422604213
2017-02-24,1.5774775786325401,1.6583596447756763
2017-02-27,1.5620111324385846,1.5960651511376203
2017-02-28,1.610067850581586,1.6149442393882467
2017-03-01,1.6189931545208585,1.6459372738143603
2017-03-02,1.6152531441457874,1.6304450078372907
2017-03-03,1.6240213624107338,1.6339778453492253
2017-03-06,1.6367909010036477,1.6393087012723115
2017-03-07,1.549079397855233,1.6365031126919911
2017-03-08,1.5805305586724392,1.6723826596047475
2017-03-09,1.574848448889596,1.6706691680403105
2017-03-10,1.5440465754599428,1.643845202833076
2017-03-13,1.4680611380018316,1.5844000058307472
2017-03-14,1.4701803909265858,1.5700743739093854
2017-03-15,1.9267690726661237,1.6535849621443228
2017-03-16,1.9003808621272944,1.6109527657309415
2017-03-17,1.9238520832579387,1.6146500241751778
2017-03-20,1.9061708839131843,1.5915451181565132
2017-03-21,1.955534729277823,1.6078922723733755
2017-03-22,1.942592582786173,1.573234913345378
2017-03-23,1.9704118685717684,2.0273245926300674
2017-03-24,2.0256049556213096,2.066560800326476
2017-03-27,1.973920075801129,2.0483337212072086
2017-03-28,1.961554453388973,2.0321770452540733
2017-03-29,1.9614700650230306,2.0300464890622587
2017-03-30,1.9614700650230306,2.032647811074486
2017-03-31,1.9452904164037268,2.023084470692363
2017-04-03,1.8918662029947926,1.9816693598625637
2017-04-04,1.8750921725136516,1.9393093266381547
2017-04-05,1.8731576363261058,1.9434728566114277
2017-04-06,1.8740443702604968,1.9432131110944826
2017-04-07,1.8745546141908236,1.959560265311328
2017-04-10,1.8875786106525838,1.966701175750209
2017-04-11,1.871058743318463,1.9418194408139064
2017-04-12,1.8692230170001558,1.9364024450990829
2017-04-13,1.8204440269657052,1.9364024450990829
2017-04-17,1.8522697353804458,1.9554494181186264
2017-04-18,1.8357630903133144,1.9528222690485666
2017-04-19,1.8339788570439117,1.9398196264227403
2017-04-20,1.8513083868546645,1.9605686304696428
2017-04-21,1.8548679551929654,1.9198202752167381
2017-04-24,1.7790579579513037,1.8505055571607436
2017-04-25,1.3586729974639458,1.8288508407585726
2017-04-26,1.3958142828112845,2.2665929971269865
2017-04-27,1.4007520464136707,2.2515077066057194
2017-04-28,1.4026408578354541,2.261505868056942
2017-05-01,1.4611666151493041,2.3074532074781358
2017-05-02,1.4549445501676983,2.2884965689164147
2017-05-03,1.469786327079672,2.3097126635132796
2017-05-04,1.471720863267218,2.306393852261441
2017-05-05,1.4525557702162903,2.2689981090452553
2017-05-08,1.4394377868763877,2.2672152403860526
2017-05-09,1.4213782133546617,2.2345302351435645
2017-05-10,1.4459024161789984,2.2847345947353177
2017-05-11,1.4793446623601942,1.8942126607678405
2017-05-12,1.4801199959541091,1.8451386777817331
2017-05-15,1.5501150805854247,1.9093078044769007
2017-05-16,1.5537599006015053,1.9281155586738639
2017-05-17,1.5864542090352294,1.9332469716700023
2017-05-18,1.5860257364233925,1.9572156288197435
2017-05-19,1.582968411425138,1.9527645823989264
2017-05-22,2.020710567793552,2.013716761662249
2017-05-23,2.0185335647532674,2.0123217780143046
2017-05-24,2.001673549558626,2.0196086747880164
2017-05-25,2.003899072769035,1.9850613271605417
2017-05-26,2.0203864016277064,1.9896815067036164
2017-05-30,2.0068234821552307,2.009067353533711
2017-05-31,1.9948964815483636,2.462404656864313
2017-06-01,2.002269958603361,2.452582150416341
2017-06-02,2.058956581631064,2.441029697407009
2017-06-05,2.057622536503172,2.441029697407009
2017-06-06,2.0590519835324623,2.4746114144160463
2017-06-07,2.0636443116262297,2.4777067001792976
2017-06-08,2.049972605692143,2.473818189034803
2017-06-09,1.6453286720187994,2.41113152043991
2017-06-12,1.6447857358448892,2.405423348624147
2017-06-13,1.6583012394484948,2.402078837033111
2017-06-14,2.084814946271275,2.8242198061147668
2017-06-15,2.0671337469265203,2.8540824639352342
2017-06-16,2.0800758934181705,2.8555326535517276
2017-06-19,2.5065896002409507,2.4028486600742673
2017-06-20,2.493887266040169,2.383897350582669
2017-06-21,2.534972333081683,2.8444147378808746
2017-06-22,2.5219036837689215,2.831352336615672
2017-06-23,2.523678408442296,2.8316042305791567
2017-06-26,2.540515794079263,2.8274407006058837
2017-06-27,2.527056501883635,2.8149747769883016
2017-06-28,2.5737229634907663,2.846593443403066
2017-06-29,2.622011166836445,2.846204320669783
2017-06-30,2.6070623940915727,2.8564574146546198
2017-07-03,2.624834917865738,2.8739299222194066
2017-07-05,2.656424823847711,2.9160253996245444
2017-07-06,2.643877050260018,2.913073062990345
2017-07-07,2.644312235993413,2.901803902920489
2017-07-10,2.6431283064414672,2.9012040095430236
2017-07-11,2.680354843466586,2.93808689178143
2017-07-12,2.653061363643239,2.9227589779504566
2017-07-13,2.6819080098005452,2.9255221821978354
2017-07-14,2.7065170304500064,2.9065316108113626
2017-07-17,2.6943797221104857,2.889589155217799
2017-07-18,2.6786386952964714,2.9069892911283537
2017-07-19,2.742896239528801,2.925041092830556
2017-07-20,2.724280215739862,2.9056552460004617
2017-07-21,2.7298880863502153,2.49202840601432
2017-07-24,2.7268493937369827,2.4940148813020717
2017-07-25,2.69322329143762,2.4794427724224866
2017-07-26,2.6300590352467212,2.444021921127301
2017-07-27,2.635450560665863,2.484727705050121
2017-07-28,2.6550192246854674,2.4876477732005395
2017-07-31,2.636370598771653,2.472283924663043
2017-08-01,2.6213228035792864,2.459051393335011
2017-08-02,2.624065293363422,2.44182219909391
2017-08-03,2.6243197512322687,2.4469838358108458
2017-08-04,2.6060095464211335,2.4135260351099332
2017-08-07,2.5702196763613276,2.344830309503096
2017-08-08,2.583150324634745,2.354981377225586
2017-08-09,2.574636564238645,2.2926868835875296
2017-08-10,2.573911812372983,2.3021087804050304
2017-08-11,2.5566635378016165,2.3137749994988694
2017-08-14,2.5645138606910423,2.3120900642176796
2017-08-15,2.570903273376167,2.3341845598727375
2017-08-16,2.145723980380693,2.2710203036818384
2017-08-17,2.2288978568270053,2.329915079760309
2017-08-18,2.1947208384412664,2.29892645275632
2017-08-21,2.2454628790699904,2.382547783369902
2017-08-22,2.234137186928254,2.383872186225806
2017-08-23,2.2219346979555334,2.3613323060684026
2017-08-24,2.21632682734518,1.901409073763646
2017-08-25,2.2144236212197526,1.8999155377854846
2017-08-28,2.1325460397908187,1.9406213217083044
2017-08-29,2.169687325138157,1.9565273663720304
2017-08-30,2.16404395575684,1.9230571324988393
2017-08-31,2.1609097518984575,1.9525830785306817
2017-09-01,2.196330603193643,2.0384712717723112
2017-09-05,2.1423993798396967,2.013533017500074
2017-09-06,2.2034587406085246,2.020585018222506
2017-09-07,2.6255997096901798,2.0395310857997138
2017-09-08,2.1698770235994873,1.5840321167145566
2017-09-11,2.1368161823155183,1.5358592540829539
2017-09-12,2.1192468402138966,1.5208935608628547
2017-09-13,1.7008249303208118,1.5351939245920243
2017-09-14,1.6595960411676471,1.5138275660171159
2017-09-15,1.6258193901625566,1.0731009037584718
2017-09-18,1.6222458923067988,1.087983293223091
2017-09-19,1.635163630690596,1.0889409108068375
2017-09-20,1.6249038149203616,1.0928807237745748
2017-09-21,1.6376222444064759,1.0884227343556705
2017-09-22,1.6149868530039226,1.054718015558339
2017-09-25,1.5634694787812837,1.0747842289637715
2017-09-26,1.581411344475741,1.081029119787795
2017-09-27,1.5675180275419234,1.0671899814199044
2017-09-28,1.5434365521188245,1.0154219759078569
2017-09-29,1.537335699792703,1.0288027442047964
2017-10-02,1.57562416705759,1.0824506746192666
2017-10-03,1.5735661494447397,1.0825350629852089
2017-10-04,1.52309078117179,1.0286977365932337
2017-10-05,1.5341865846113205,1.0455015403798977
2017-10-06,1.5371180957190484,1.0909111987641213
2017-10-09,1.5125090750695873,1.0913616766372531
2017-10-10,1.5073168535983548,1.0877305684003638
2017-10-11,1.5111132524462,1.0915101237231102
2017-10-12,1.4611843812203003,1.0729454610431286
2017-10-13,1.4614902001981036,1.1224997846714941
2017-10-16,1.4017648845571684,1.0835768694078771
2017-10-17,1.3994438501016266,1.0818736870596013
2017-10-18,1.3986644873364926,1.081497023194314
2017-10-19,1.4022195723750577,1.0827896604334122
2017-10-20,1.4017629228052562,1.041549071268067
2017-10-23,1.367352481873678,1.0259266689168671
2017-10-24,1.4156093077391134,1.0726033648913247
2017-10-25,1.4120714097544915,1.084618810635775
2017-10-26,1.4200955933392594,1.1006820284000942
2017-10-27,1.4256182122718333,1.1606372327432348
2017-10-30,1.4544052280733413,1.20085278524595
2017-10-31,1.4544052280733413,1.6600704448202641
2017-11-01,1.426795483225678,1.6345894877240181
2017-11-02,1.3665236705376929,1.6297947865164883
2017-11-03,1.3624537211958256,1.5968010997431947
2017-11-06,1.3542945841071805,1.6056220885007753
2017-11-07,1.3461923672542702,1.610416789708305
2017-11-08,1.3719577756994663,1.5931169952607769
2017-11-09,1.340029502858486,1.5913327619913742
2017-11-10,1.2522318668740975,1.5277960508222754
2017-11-13,1.2688740140426165,1.5286553476500229
2017-11-14,1.2372553476278518,1.4756877838108904
2017-11-15,1.2712414750035501,1.5005069795868837
2017-11-16,1.7302783420733292,1.5864912345737925
2017-11-17,1.8060883393149907,1.6626502847128748
2017-11-20,1.8161506825290634,1.6612796497422586
2017-11-21,1.886475810948665,1.6209401809314181
2017-11-22,1.8547385200710858,1.6258180078307987
2017-11-24,1.8566131531281973,1.6209118234874391
2017-11-27,1.8599788421892574,1.591272882672507
2017-11-28,1.8337918971956921,1.5033895566964448
2017-11-29,1.8322716303911646,1.5233404293878008
2017-11-30,2.227588634265585,1.5248021890614527
2017-12-01,1.7850514079902278,1.5265581976557498
2017-12-04,1.7828676036167874,1.5460343789436668
2017-12-05,1.7904385248214143,1.5497955789047928
2017-12-06,1.7896976621119005,1.535153072173271
2017-12-07,1.7877346115176274,1.5463939896324008
2017-12-08,1.7928443819691429,1.5684014528877726
2017-12-11,1.8030330013410145,1.549910086872689
2017-12-12,1.8473122831195923,1.9879762467048012
2017-12-13,1.832619820062421,1.9874471017328916
2017-12-14,1.8622158055271145,2.0038684951222434
2017-12-15,1.852312351648697,2.0192252589979254
2017-12-18,1.8932579478623854,2.0178159691974575
2017-12-19,1.8931635189034577,1.99663409774744
2017-12-20,1.8739665801579315,1.9829510885462762
2017-12-21,1.909691920130671,1.9869122827442283
2017-12-22,1.9211094196361265,2.0148950156622734
2017-12-26,1.9262710563530623,2.0132845684007887
2017-12-27,1.889846727423785,1.9588008082582276
2017-12-28,1.9118129793761585,2.0054390929073937
2017-12-29,1.9247668176723332,2.0252251876742196
2018-01-02,1.908195946449952,2.045498443079628
2018-01-03,1.8754017775217566,1.9925308792404954
2018-01-04,2.335666902157065,2.0274181269706983
2018-01-05,2.342679111827714,2.033527288501673
2018-01-08,2.3401653969988048,2.0396897389267745
2018-01-09,2.36698936220604,2.5000396206274393
2018-01-10,2.347109370477243,2.4491221397822662
2018-01-11,2.3525330771511537,2.44319100366612
2018-01-12,2.4140144013863694,2.499408112077711
2018-01-16,2.4498095599331835,2.5067823400356692
2018-01-17,2.532523637104182,2.5219199827052843
2018-01-18,2.5509468366984067,2.57693854809037
2018-01-19,2.583503517044815,2.573899855477138
2018-01-22,2.568537823824715,2.545079203606359
2018-01-23,2.5843179284213837,2.98833596607947
2018-01-24,2.5696720482121322,2.9722727483151505
2018-01-25,2.6005153810329817,2.912203777887503
2018-01-26,2.5721029128290076,2.8579021689204778
2018-01-29,2.6113534389684503,2.416904866680051
2018-01-30,2.612487663355867,2.4128854990664363
2018-01-31,2.6193803686615467,2.414120631935665
2018-02-01,2.5999945218314524,2.41262446527852
2018-02-02,2.612658497749096,2.3874278078973505
2018-02-05,2.630885576868364,2.4138298096381807
2018-02-06,2.597303859859326,2.416055332848589
2018-02-07,2.655375731332204,2.485798523516421
2018-02-08,2.6565317501288286,2.5225112694782847
2018-02-09,2.6987600303614525,2.545010048094101
2018-02-12,2.681900015166811,2.5151473902736337
2018-02-13,2.6632999479771446,2.5010257592671805
2018-02-14,2.2067112662376065,2.415429118649676
2018-02-15,2.136757900443243,2.3466435455655907
2018-02-16,2.1221120202339914,2.342663384431281
2018-02-20,2.0684640898195217,2.3538495223286335
2018-02-21,2.0903169853303845,2.335650800653345
2018-02-22,2.1169437095768364,2.400851184077131
2018-02-23,2.113483053497199,2.44138889934884
2018-02-26,2.098168307379679,2.4422662949069305
2018-02-27,2.558263731211497,2.444409917870632
2018-02-28,2.118092675957313,2.443204573510972
2018-03-01,2.1169101470244414,2.439860061919936
2018-03-02,2.1322794112132173,2.4173076926898864
2018-03-05,2.14755092341112,2.4576999877467482
2018-03-06,2.1729851951360373,2.492615749883678
2018-03-07,2.2096056047583077,2.4659157009845685
2018-03-08,2.2089813120493926,2.4481592569672386
2018-03-09,2.191906240107486,2.449085421153152
2018-03-12,2.1650822749002505,2.0201867002696945
2018-03-13,2.166395289531136,2.040722428291238
2018-03-14,2.1334059881457548,2.0201867002696945
2018-03-15,2.1840152259469927,2.0107988319507184
2018-03-16,2.169893594940539,2.000655668741854
2018-03-19,2.1893738707295616,2.0015168689175926
2018-03-20,2.191197180636346,2.0392396085816054
2018-03-21,2.153217606564674,2.0385755101058187
2018-03-22,2.1395238481424568,2.0739132357091536
2018-03-23,2.16961639466513,2.0988719023129887
2018-03-26,2.2060407235944073,2.1002891863577537
2018-03-27,2.230797144657143,2.061099598738363
2018-03-28,2.2657494966367966,2.066956230185661
2018-03-29,2.268458145461743,2.073201121009684
2018-04-02,2.269284761147399,2.073640900262571
2018-04-03,1.8543238760333651,2.0553306954514357
2018-04-04,1.8489930201102789,2.050127554074109
2018-04-05,1.8438682751144797,2.0287543079724135
2018-04-06,1.817899198147037,1.5758057586756815
2018-04-09,1.8481406601521304,1.59717211725059
2018-04-10,1.84217045643117,1.597649704846596
2018-04-11,1.8199204386522978,1.543781020652959
2018-04-12,2.2443907734402058,1.566176599764644
2018-04-13,2.1631374847201865,1.5364254250800227
2018-04-16,2.17725911572664,1.4808886832437693
2018-04-17,2.2263330987127476,1.5406139988847045
2018-04-18,2.198903006102665,1.529608042922422
2018-04-19,2.1865485656209294,1.0694273674128245
2018-04-20,2.208509663199776,1.0884394303131286
2018-04-23,2.1904539162574874,1.0994344177546687
2018-04-24,2.2003262909481203,1.1120910271896878
2018-04-25,2.1599015704595006,1.0970359682505653
2018-04-26,2.1558570708984246,1.0975002508256149
2018-04-27,2.156548733080204,1.1317356463872073
2018-04-30,2.158479263338956,1.1373940987258133
2018-05-01,2.1700317163482885,1.1633845569234706
2018-05-02,2.168151791445866,1.1106794657004737
2018-05-03,2.174404454089413,1.1207157224063773
2018-05-04,2.1327138548937596,1.0728543953249772
2018-05-07,2.136525250421924,1.0410286869102365
2018-05-08,2.080518993969559,1.0229467961717373
2018-05-09,2.0769827519704984,1.0175552707525959
2018-05-10,2.0566034066673056,1.0249191499572465
2018-05-11,2.054064394590939,1.0589984163521124
2018-05-14,2.052510103032829,1.052694825257766
2018-05-15,2.056737754620165,1.0536728836215674
2018-05-16,2.033716390965226,1.0243004572212049
2018-05-17,2.0760326221495307,1.0386473168804369
2018-05-18,2.1049426397393325,0.9821001646805763
2018-05-21,2.1313920573490335,0.9980253554310337
2018-05-22,2.1700295775113405,1.0130731506234005
2018-05-23,1.7170810282146087,1.0602933730243376
2018-05-24,1.7147148571934356,1.0561911551986891
2018-05-25,1.7400127025085792,1.0598472023399275
2018-05-29,1.7242580646961223,1.081346589876285
2018-05-30,1.7006402976996782,1.0550057502836043
2018-05-31,1.6634137606745598,1.013417926336545
2018-06-01,1.5884169328357223,1.0068268425903188
2018-06-04,1.5872344039028508,1.022154756421292
2018-06-05,1.6351528086656069,1.0417514552106129
2018-06-06,1.621514303273708,1.0153779678765098
2018-06-07,1.6201173254089902,0.9945838367460331
2018-06-08,1.615880089769253,1.0121305492899801
2018-06-11,1.557521000510979,1.0059084843083739
2018-06-12,1.502327913461438,1.0011444485495444
2018-06-13,1.489605389474218,1.0157355941721093
2018-06-14,1.5182604626410952,0.994315623434634
2018-06-15,1.9756723569694599,1.0636303414906285
2018-06-18,1.972653376560378,1.030423172079125
2018-06-19,1.9461095299917495,0.9936941844398348
2018-06-20,1.9283946265573157,1.0121033015096335
2018-06-21,1.9225895149861787,1.0285388732636571
2018-06-22,1.8694247101862629,1.024645292410632
2018-06-25,1.8741541797384402,0.9933324449736707
2018-06-26,1.8882444529432318,0.9929796981204699
2018-06-27,1.9011309510804564,0.972547169603058
2018-06-28,1.907384308588262,0.9967091060623479
2018-06-29,1.8907938410477139,1.025741224320351
2018-07-02,1.8944581656495976,1.023417565399522
2018-07-03,1.8671806577169476,1.0075894151949218
2018-07-05,1.86858204300379,1.011020282764991
2018-07-06,1.8307404300297476,1.009451727905483
2018-07-09,1.3702230427315414,0.9784268477847708
2018-07-10,1.3676356994283532,0.975556790674298
2018-07-11,1.330239956212168,0.9760749671254652
2018-07-12,1.272477691165506,0.9419467530693776
2018-07-13,1.3548383982089944,1.0101858291064127
2018-07-16,1.3503541773320231,1.0114209619756414
2018-07-17,1.382786013149612,1.04024161384642
2018-07-18,1.4408066813052067,1.10086804984186
2018-07-19,1.4424867596239062,1.128391418367412
2018-07-20,1.470730021636813,1.1253164544304695
2018-07-23,1.4741977623782643,1.1249439994522696
2018-07-24,1.4655713889411166,1.1038282060608142
2018-07-25,1.5214031237290266,1.1154992835329611
2018-07-26,1.490162270644474,1.1658396983020336
2018-07-27,1.4983097159285943,1.188682131704563
2018-07-30,1.525009764827704,1.1896774522829232
2018-07-31,1.5053865453856836,1.1722276535618765
2018-08-01,1.5060958722926638,1.1836571047829154
2018-08-02,1.5174184365997907,1.1832035620575005
2018-08-03,1.5145027457748519,1.2018521879713149
2018-08-06,1.5329830200888912,1.1826994451741326
2018-08-07,1.5316768689702995,1.1459115299543206
2018-08-08,1.547647784486519,1.1843802845104814
2018-08-09,1.542533398964792,1.1841077988771225
2018-08-10,2.0029672438992887,1.254186009200305
2018-08-13,1.9731045860788212,1.2356133317730342
2018-08-14,1.9371131819229317,1.2854027321710921
2018-08-15,1.9132171669502849,1.225677416530157
2018-08-16,1.875106006322149,1.2168991003147858
2018-08-17,1.8873278933602369,1.166157059686062
2018-08-20,1.9077241505539388,1.169501571277098
2018-08-21,1.872179382950628,1.1473678137271826
2018-08-22,1.872467574569129,1.1314950339213832
2018-08-23,1.876228774530255,1.1135984152622433
2018-08-24,1.9095154985876364,1.1315684722128585
2018-08-27,1.913004669074001,1.1504755012356054
2018-08-28,1.9262372004020327,1.1860026228164455
2018-08-29,1.9051427608465117,1.2341754854480482
2018-08-30,1.900378725087682,1.244838838778959
2018-08-31,1.9072204401233175,1.3211697117456889
2018-09-04,1.913311436348225,1.7634600199246269
2018-09-05,1.930255414776699,1.7914998017926314
2018-09-06,1.9374084420221238,1.8482787611599274
2018-09-07,1.9307451191792488,1.8287984853709047
2018-09-10,1.9019939842670925,1.8096807408366706
2018-09-11,1.4418133087574954,1.734776763748657
2018-09-12,1.4730100117058553,1.700599745362918
2018-09-13,1.4685722120733893,1.7034233812288853
2018-09-14,1.4520742272645286,1.688634994645537
2018-09-17,1.4176637863329506,1.6644988318982539
2018-09-18,1.4152070314714884,1.6490890063201062
2018-09-19,1.4133601253658168,1.6323133794914073
2018-09-20,1.3994592481385304,1.6324008687561762
2018-09-21,1.4024979407517628,1.6387117662671349
2018-09-24,1.4103042563104082,1.6519322769190836
2018-09-25,1.416747956648853,1.6188200745261576
2018-09-26,1.4164769479676569,1.6489126210488305
2018-09-27,1.4124256518640732,1.6430289771699038
2018-09-28,1.427311790438295,1.6373362887344256
2018-10-01,1.4776069767761746,1.6412561535649322
2018-10-02,1.5103755243823718,1.6746660477463222
2018-10-03,1.5076668755574087,1.6935510221586436
2018-10-04,1.544287285179679,1.7511387655408508
2018-10-05,1.5154079330385775,2.1805839834713585
2018-10-08,1.4296163584250199,2.106152181493782
2018-10-09,1.431903043783578,2.1057004826641523
2018-10-10,1.3799582957173837,2.059302344705924
2018-10-11,1.3359740068904629,2.0037656028696706
2018-10-12,1.3359740068904629,1.9642393034616539
2018-10-15,1.3025993318814175,1.988468230826911
2018-10-16,1.3159456292939562,2.0311255591877537
2018-10-17,1.321604081632562,2.015713793707763
2018-10-18,1.283792689277256,2.0335544839027864
2018-10-19,1.331190218314944,1.9577444866611249
2018-10-22,1.3132463286157885,1.9405099238689492
2018-10-23,1.280379307064805,1.9754256860058794
2018-10-24,1.302034023466976,1.9967525229814054
2018-10-25,1.3014408410485976,1.998838575363972
2018-10-26,1.3315333875712705,1.9963494872214333
2018-10-29,1.320824996775584,2.0028527811543895
2018-10-30,1.3227240677647376,2.0045827277157504
2018-10-31,1.3243965339953088,2.0046662700794595
2018-11-01,1.3799332758315621,1.9707182379584423
2018-11-02,1.3848145573203767,1.9746640580146086
2018-11-05,0.9857784942573864,1.9050909368496816
2018-11-06,0.9456460674465386,1.9076167684851348
2018-11-07,0.925611936181266,1.8514951713186936
2018-11-08,0.9396601456299208,1.869258879082779
2018-11-09,0.9921879302161667,1.8636322713522209
2018-11-12,1.015568324600685,1.8692401419625744
2018-11-13,0.9981130080293424,1.901065850377315
2018-11-14,0.9935045284984482,1.901833249352322
2018-11-15,1.0107815387091172,1.9002089937498101
2018-11-16,1.0225463088147402,1.9001254513861008
2018-11-19,1.0208782511721237,1.9272038744621824
2018-11-20,1.0490077471005237,1.9102494303086133
2018-11-21,1.0468771909086922,1.8559478213415883
2018-11-23,1.0209306212595477,1.7910841497064112
2018-11-26,1.0398981882715377,1.8119635325146675
2018-11-27,1.0367964836109733,1.7402291142945983
2018-11-28,1.0371682462362117,1.3411930512316075
2018-11-29,1.0205626889104167,1.314733399254581
2018-11-30,1.0127292950896711,1.291628493235916
2018-12-03,1.0143177980864098,1.3126972720216774
2018-12-04,1.0161377862858265,1.3098094100004434
2018-12-06,1.021509246312981,1.3847133870884567
2018-12-07,0.9897310890479468,1.3982288906920624
2018-12-10,1.0553700942770388,1.397848646062626
2018-12-11,1.0580522670572494,1.851937956647902
2018-12-12,1.0565090539434523,1.8570693696440403
2018-12-13,1.144562449422419,1.88882634943905
2018-12-14,1.1465400751524408,1.921949130484611
2018-12-17,1.1462567822129648,1.9284026582812581
2018-12-18,1.1268709353828703,1.9351604100830608
2018-12-19,1.199267692413765,1.9048648274892055
2018-12-20,1.6519516858912253,1.9264245768727994
2018-12-21,1.6355374625027008,1.912302945866346
2018-12-24,1.636624804533841,1.9162370618021813
2018-12-26,1.6429130417195321,1.9236857588319567
2018-12-27,1.5976558699128682,1.9186093607777168
2018-12-28,1.5727207161274168,1.891785395570482
2018-12-31,1.5723544010154373,1.871895550653892
2019-01-02,1.5435337491446586,1.833799251075931
2019-01-03,1.5625013161566486,1.3751307231228296
2019-01-04,1.5608424895675312,1.3801181047037108
2019-01-07,1.5650590981419295,1.379505612333565
2019-01-08,1.5806501089416274,1.3775633820626492
2019-01-09,1.5703327888015237,1.3611419886732974
2019-01-10,1.5929401454343606,1.3565991814292684
2019-01-11,1.6002485614707835,1.332190072128941
2019-01-14,1.5841879472629274,1.2922251509156348
2019-01-15,1.6435623727505655,1.3237509665795753
2019-01-16,1.6311694055141184,1.7489302595750498
2019-01-17,1.6049627948348892,1.7528936047269528
2019-01-18,1.5988340484994672,1.789514014349223
2019-01-22,1.6058952330428795,1.7536029316339325
2019-01-23,1.5919064048639124,1.7927925192533238
2019-01-24,1.6380000724126407,1.7796515632472525
2019-01-25,1.6332053712051111,1.8331079206712935
2019-01-28,1.6641870174062057,1.8132321855295883
2019-01-29,1.6878767787550584,1.8825469035855826
2019-01-30,1.7067520094274549,1.8844055914927895
2019-01-31,1.6495188893527026,1.9237773302877172
2019-02-01,1.6976917519843056,1.9769747828290554
2019-02-04,1.6400339804878703,1.9715510761551447
2019-02-05,1.668157304719584,1.9875979219469622
2019-02-06,1.6849932525213547,1.9924566027596113
2019-02-07,1.6724454789336618,1.9733588498676338
2019-02-08,1.6190494424826924,1.9754511456166965
2019-02-11,1.6317517766834742,1.9721066340256608
2019-02-12,1.6172583830517826,1.934152179275498
2019-02-13,1.6305876649787525,1.9334683226642004
2019-02-14,1.6317180415843988,1.9445512610574212
2019-02-15,1.6352776099226998,1.944718766654963
2019-02-19,1.603658943507935,1.9064710492066275
2019-02-20,1.6402793531302051,1.906190930568021
2019-02-21,1.659979251423658,1.9116710866326152
2019-02-22,1.6596227315906362,1.9083885329815817
2019-02-25,1.6567283400231223,1.8931170207836792
2019-02-26,1.653759675524118,1.9465412341926132
2019-02-27,1.6522053839660085,1.8926287479588717
2019-02-28,1.671303136857986,1.8934787905330779
2019-03-01,1.6922242385031943,1.859712909587597
2019-03-04,1.7112800415450193,1.856954335612971
2019-03-05,1.7091751461229479,1.857144813876698
2019-03-06,1.7686673577309704,1.790055619031112
2019-03-07,1.7732413051593332,1.813160525049777
2019-03-08,1.7343183898957157,1.8245881335302903
2019-03-11,1.7824912525273184,1.4008590301513097
2019-03-12,1.8310077699456335,1.4493755475696248
2019-03-13,1.7504030714964425,1.4100980089985529
2019-03-14,1.7428342334949682,1.3949504131087755
2019-03-15,1.7427408625691572,1.3926604152854014
2019-03-18,1.7889506746064867,1.404212868294734
2019-03-19,1.7218614797609009,1.4135042235515136
2019-03-20,1.301476519273543,1.422487498563725
2019-03-21,1.3367474445202523,1.8617887912650664
2019-03-22,1.34224333262646,1.8638604198763593
2019-03-25,1.31905184632651,1.888928376489297
2019-03-26,1.328971292529839,1.8925545849270429
2019-03-27,1.321474610497702,1.8863177088503085
2019-03-28,1.337112437807584,1.891350509345296
2019-03-29,1.329567137924939,1.886068647499184
2019-04-01,1.310784758003367,1.8855191471785575
2019-04-02,1.3500622965744389,1.914257783652433
2019-04-03,1.3433045447726362,1.9155061387886514
2019-04-04,1.3302125364277868,1.9922589752217696
2019-04-05,1.3124452677905618,1.9895004012471433
2019-04-08,1.3074072532593464,2.0245862328869775
2019-04-09,1.303004727008653,2.0314789381926572
2019-04-10,1.3247237935551153,2.060497533799479
2019-04-11,1.281039813153239,2.4876398773892268
2019-04-12,1.2803703791244834,2.0349562526111797
2019-04-15,1.2966130397911189,2.0817349480880005
2019-04-16,1.339362195748811,2.039244195239241
2019-04-17,1.3678404102576351,2.0415735609454937
2019-04-18,1.3777438641360527,1.9918543360897083
2019-04-22,1.34428606343514,2.054924163321679
2019-04-23,1.762707973328225,2.0605320339320325
2019-04-24,1.7925706311486924,2.1434775963057087
2019-04-25,1.748671593999551,2.072909154562421
2019-04-26,1.7322885588933374,2.159272213733956
2019-04-29,1.7128523848986807,2.1178571029041557
2019-04-30,1.6614299776946193,2.06524042921832
2019-05-01,1.6807113309744872,2.119357874248902
2019-05-02,1.683660176110472,2.1162312306839888
2019-05-03,1.6875120381265283,2.197356804858249
2019-05-06,2.141845030734904,2.2370672682027086
2019-05-07,2.1783810519912317,2.259445163846775
2019-05-08,2.145612504385018,2.243992818048471
2019-05-09,2.1793172231823497,2.2485892727951318
2019-05-10,2.2523510004269145,2.250636286623238
2019-05-13,2.27251496582322,2.2384034670385677
2019-05-14,2.2585071009012734,2.2433673744371645
2019-05-15,2.2580375862851616,2.23648092186713
2019-05-16,2.2301379790589673,2.2399700923534946
2019-05-17,2.2171958325673176,2.2391024863208937
2019-05-20,2.2173731392040685,2.3140064634089073
2019-05-21,2.2417317689100265,2.3166262231342807
2019-05-22,2.2626991026699628,2.297414897968641
2019-05-23,2.3111018540037715,2.2946407611746795
2019-05-24,2.323200804060154,2.2973722254264315
2019-05-28,2.317973178079236,2.2968316374972124
2019-05-29,2.3183032218675055,2.2772527044281974
2019-05-30,2.338400852184534,2.2908402023842114
2019-05-31,2.3163715881848286,2.303951423027058
2019-06-03,2.3248436297439596,2.28685387412063
2019-06-04,2.300446086486197,2.30875922181221
2019-06-05,2.244909344649943,2.2788965639917427
2019-06-06,2.249704045857473,2.259252314052715
2019-06-07,2.2421709604617552,2.2865207500446525
2019-06-10,2.2670318750747005,2.269593029949863
2019-06-11,2.26543490969308,2.269706024732953
2019-06-12,2.2423300036744154,2.2512640669300326
2019-06-13,2.2261323272905993,2.3213422772532155
2019-06-14,2.1919444828787134,2.2952483557569536
2019-06-17,2.1760192921282564,1.8790519690742775
2019-06-18,2.2001998401658804,1.872876155024245
2019-06-19,2.2763588903049627,1.8593606514206398
2019-06-20,2.3116966159082972,1.855921710870676
2019-06-21,2.3293400651425378,1.855921710870676
2019-06-24,2.3151195218774205,1.8511570126715489
2019-06-25,2.3602536918957906,1.8538293901728018
2019-06-26,2.3666431045809153,1.854660587340138
2019-06-27,2.3435381985622503,1.823408236037353
2019-06-28,2.3618484033733855,1.8277162846666783
2019-07-01,2.360665874440514,1.7510469905972694
2019-07-02,2.35811247180346,1.7518178408914484
2019-07-03,2.3438876412928744,1.804785404730581
2019-07-05,2.4109768361384605,1.8398543073017508
2019-07-08,2.4014986193703516,1.8070734185867416
2019-07-09,2.387034217070874,1.3518015790685942
2019-07-10,2.38122138766368,1.432273474690299
2019-07-11,2.3652961969132225,1.3823446034643991
2019-07-12,2.322632730947204,1.3859124410495414
2019-07-15,2.3258169848932493,1.373813490993159
2019-07-16,2.324427291410932,1.3632385167685184
2019-07-17,2.306707865749726,1.3272471126126288
2019-07-18,1.8529899490902746,1.3272471126126288
2019-07-19,1.7922542230857321,1.2538017918248914
2019-07-22,1.8801375490617944,1.7081344157338532
2019-07-23,1.8986642071317097,1.6551668518947207
2019-07-24,1.937811971224344,1.6667193049040532
2019-07-25,1.938003544214773,1.6625570192225925
2019-07-26,1.9434786119976402,1.614121683974854
2019-07-29,1.9170904014588106,1.628538307932964
2019-07-30,1.8946658620154833,1.5448069659188595
2019-07-31,1.451645510125572,1.5502306725927701
2019-08-01,1.4549900217166079,1.539944651366403
2019-08-02,1.4498652767208084,1.5500069945804755
2019-08-05,1.415092576978735,1.5471191325592415
2019-08-06,1.3804352179507378,1.5449885763674267
2019-08-07,1.3438148083284676,1.5462579323835193
2019-08-08,1.3464030230685682,1.5495019664032192
2019-08-09,1.347478665087528,1.5544397300056052
2019-08-12,1.3268995907043162,1.5636528937200223
2019-08-13,1.3205923167756455,1.5786845936270564
2019-08-14,1.3389918873058038,1.502525543487974
2019-08-15,1.2996050587256291,1.4951870128306686
2019-08-16,1.3362254683478993,1.5259507910056407
2019-08-19,1.2874837222768056,1.5409468148376895
2019-08-20,1.269931223700283,1.5717486882673426
2019-08-21,1.7147551353341983,1.5712250849967864
2019-08-22,1.707343704979841,1.6203865572476626
2019-08-23,1.6868736196846126,1.60894268225535
2019-08-26,1.6482764476888783,1.588876468849918
2019-08-27,1.6866528659054458,1.5908788740472857
2019-08-28,1.680145745393052,1.5713776865031148
2019-08-29,1.7565618700375614,1.584518642509186
2019-08-30,1.7063575104458082,1.551195328609081
2019-09-03,1.712374399538097,1.5230720043773676
2019-09-04,1.6884563241166082,1.5218561877165981
2019-09-05,1.7418523605675775,1.516808317084169
2019-09-06,1.676903871107276,1.5298707183493718
2019-09-09,1.6740160090860419,1.4425966856355394
2019-09-10,1.6708784042141458,1.4607829741385492
2019-09-11,1.6551018028579878,1.4242953673437653
2019-09-12,1.6602710516630519,1.4310954741027124
2019-09-13,1.6718235046723844,1.4654903605145742
2019-09-16,1.6593699313085473,1.4685856462778255
2019-09-17,1.6797661885022492,1.4914280796803547
2019-09-18,1.6937568430651606,1.4907225069499122
2019-09-19,1.662461811414681,1.4957605214811276
2019-09-20,1.6594687184650962,1.5022831965132382
2019-09-23,1.6777789232762315,1.5443786739183756
2019-09-24,1.6659758389774901,1.5919625471092231
2019-09-25,1.6621203533791458,1.6418078759713972
2019-09-26,1.6789803685737872,1.6398557866841068
2019-09-27,1.661842105402943,1.5518023912051404
2019-09-30,1.5974382330430796,1.5645047254059221
2019-10-01,1.604914044613821,1.6006988543316985
2019-10-02,1.5999926000832043,1.5957903870396621
2019-10-03,1.615973439188087,1.5252219452963744
2019-10-04,1.6119999221306704,1.52540816697301
2019-10-07,2.0720096559708145,1.5285980811896704
2019-10-08,2.032778349514471,1.5280689362177606
2019-10-09,2.0169388487556876,1.550841605321412
2019-10-10,2.017374034489082,1.5172598883123742
2019-10-11,2.014293623038881,1.461723146476121
2019-10-14,2.0138634916396163,1.4548304411704411
2019-10-15,1.9437852813164336,0.9960694311659292
2019-10-16,1.9233314535415968,1.0222130297978265
2019-10-17,1.8849550353250293,1.0065195541335359
2019-10-18,1.9171952981521891,1.033905370296476
2019-10-21,1.9065954853735225,1.0284094821902683
2019-10-22,1.9191721513697495,1.0046659284332344
2019-10-23,1.966832153023573,1.0340956614803145
2019-10-24,1.9894675444261263,1.0119811458028296
2019-10-25,1.9696814496593005,1.000760929708511
2019-10-28,1.9518687942339932,1.0546296139021478
2019-10-29,1.947102853459255,1.068192533374624
2019-10-30,1.9010237610462755,1.0733239463707624
2019-10-31,1.93669153043788,1.0725050682278017
2019-11-01,1.9334320840454804,1.0645515846783515
2019-11-04,2.0151866636861206,1.0762193784017604
2019-11-05,1.9961839754931043,1.0667794538197473
2019-11-06,2.0277267116322713,1.04907537641146
2019-11-07,2.0442540477842037,1.5089986087162166
2019-11-08,2.0627614935561223,1.4947146914551324
2019-11-11,2.004318861934139,1.444510331863379
2019-11-12,2.004772404659554,1.4247196068238168
2019-11-13,2.0290826550378793,1.405470186403496
2019-11-14,1.570982363940494,1.4236947012229575
2019-11-15,1.5562317274676596,1.39102645482217
2019-11-18,1.581813983886596,1.3867293030004684
2019-11-19,1.6227961699430085,1.4092561163860016
2019-11-20,1.572557692290893,1.3851199536387184
2019-11-21,1.593606281290216,1.366244722966322
2019-11-22,1.5241618608935208,1.3692834155795546
2019-11-25,1.5344012992719678,1.3904252710039462
2019-11-26,1.5896982288173527,1.4237999460129915
2019-11-27,1.6040269018237823,1.4658118810544034
2019-11-29,1.5539941881020383,1.9262457259889
2019-12-02,1.554249947596616,1.9126664874446546
2019-12-03,1.5708515596823247,1.958525409328687
2019-12-04,1.600228274431268,1.9531842110741076
2019-12-05,1.5994982307202945,1.947576340463754
2019-12-06,1.605881434924563,1.944139556434032
2019-12-09,1.5346036662742955,1.960486710650894
2019-12-10,1.495966146111988,1.9560356642300767
2019-12-11,1.458270094470758,1.9331052798758668
2019-12-12,1.4604630337672366,1.9717428000381743
2019-12-13,1.4629995640229354,1.956019938530227
2019-12-16,1.9182714035410828,1.9648637427145965
2019-12-17,1.9038547795829728,1.9611446835260264
2019-12-18,1.8987519981308745,1.944284668331385
2019-12-19,1.9037900126620901,1.8962046564506068
2019-12-20,1.8860988003001125,1.8956864799994397
2019-12-23,1.8856630456317072,1.9040878172598807
2019-12-24,1.880071833360255,1.8674674076376105
2019-12-26,1.9231384592341254,1.8628631846938077
2019-12-27,1.9229501333132266,1.8662455320937525
2019-12-30,1.9058936521893846,1.8511195812286623
2019-12-31,1.9410638721951612,1.8733135137050294
2020-01-02,1.9410638721951614,1.8681009185382977
2020-01-03,1.9412313777927033,1.8674622707999289
2020-01-06,1.9634985865650199,1.8758304698632162
2020-01-07,1.969993865750687,1.9039884801983433
2020-01-08,2.0430276429952516,1.9027278566282497
2020-01-09,2.1089882016065884,1.8977659858480542
2020-01-10,2.0968251797109265,1.896261871217258
2020-01-13,2.1197396074658643,1.8373914438161154
2020-01-14,2.1556726344459,1.8618860433170812
2020-01-15,2.152087444785617,1.833516921474775
2020-01-16,2.134107283762768,1.8784648698165098
2020-01-17,2.120987681592631,1.8934876211774678
2020-01-21,2.0935684150086944,1.8643901250454014
2020-01-22,2.096607107621927,1.8451967113985914
2020-01-23,2.116393202388753,1.846235109454194
2020-01-24,2.1248789280151366,1.7777205450513054
2020-01-27,2.1242851417211006,1.7812801133896063
2020-01-28,2.124818520572537,1.7796607175820458
2020-01-29,2.0846860937616887,1.7926426176206685
2020-01-30,2.1453125297571285,1.816715253655246
2020-01-31,2.0576876068899987,1.801629963133979
2020-02-03,2.0739060603386292,1.8008597490813933
2020-02-04,2.4860827107082772,1.8017038112950392
2020-02-05,2.456099715421585,1.3564583048941328
2020-02-06,2.440947678048326,1.3899916425755379
2020-02-07,2.4473753860618426,1.3702009175359757
2020-02-10,2.4471470719892063,1.3723314737277905
2020-02-11,2.4272483641813323,1.3606652546339513
2020-02-12,2.451243689644557,1.3653747041637014
2020-02-13,2.457226107852444,1.3663411584578737
2020-02-14,2.4521139367287366,1.424616284482315
2020-02-18,2.4624312568688405,1.4050889940875984
2020-02-19,2.487145128338216,1.4068450026818788
2020-02-20,2.5142694019704956,1.406298505634829
2020-02-21,2.511534933362419,1.390245600338612
2020-02-24,2.4946290676115797,1.3684233783388993
2020-02-25,2.4534940754203864,1.4002490867536397
2020-02-26,2.445791401223975,1.3581536093485187
2020-02-27,2.4592037053234486,0.9185573236955208
2020-02-28,2.4940337774687054,0.937516118777484
2020-03-02,2.4948213255495473,0.9442738705792866
2020-03-03,2.4798982580986335,0.9247541542209209
2020-03-04,2.4767606532267368,0.9761765614249822
2020-03-05,2.4352532060573435,0.9728132386957568
2020-03-06,2.4416673030724336,0.9031548658530499
2020-03-09,2.447379124123713,0.9269690987786947
2020-03-10,2.4512727049767378,0.9429118426288964
2020-03-11,2.4334022794184893,0.9080366155747764
2020-03-12,2.4229102546738277,0.9254792143533108
2020-03-13,1.966967183503381,0.9247798110349936
2020-03-16,1.952351689203488,0.9061032911118789
2020-03-17,1.9553537919739967,0.8861130079820444
2020-03-18,1.9944822174452386,0.9087587481379055
2020-03-19,2.0213061826524736,0.908843999815685
2020-03-20,2.035285057611278,0.9045468479939832
2020-03-23,2.0548047739696442,0.8857157674577797
2020-03-24,2.0133896631398445,0.8611009131832444
2020-03-25,2.0162421340764416,0.8597028884502327
2020-03-26,2.0201357149294665,0.8738896237061372
2020-03-27,2.006620211325861,0.9265062973919724
2020-03-30,1.571721444875213,0.9543109375995897
2020-03-31,1.5971725601252293,0.9731300878083928
2020-04-01,1.5818358162719746,0.9738709505179067
2020-04-02,1.5811971685336055,0.9519656028263268
2020-04-03,1.5092390333080004,0.9636287982143037
2020-04-06,1.443817896105031,0.9621039258738925
2020-04-07,1.457273555239791,0.9994152807241352
2020-04-08,1.4328929812690874,1.0015990850975753
2020-04-09,1.3962725716468172,0.9792350417884244
2020-04-13,1.4062854693206326,0.978891387001712
2020-04-14,1.4945907587630833,0.9343222428446031
2020-04-15,1.5077103609332203,0.9132674198198971
2020-04-16,1.505266969696689,0.9083612354765375
2020-04-17,1.4877144711201666,0.9049679195558501
2020-04-20,1.4829197699126369,1.3595407244550939
2020-04-21,1.4932571100751677,1.3622012268816255
2020-04-22,1.5000565807139226,1.3452692173345753
2020-04-23,1.5266117228889928,1.3607477715324536
2020-04-24,1.5606154033644188,1.348826299758501
2020-04-27,1.49689554016906,1.3311311708962899
2020-04-28,1.49863226979456,1.34446045282326
2020-04-29,1.5023513289831303,1.3402957910265059
2020-04-30,1.118587146817456,1.3371492231715127
2020-05-01,1.117097037022196,1.3218777109736268
2020-05-04,1.1123323388230688,1.3233939072770555
2020-05-05,1.1248952021960084,1.3293384896760179
2020-05-06,1.2080690786423207,1.3562574219018302
2020-05-07,1.212696274252292,1.3517197951997277
2020-05-08,1.211519314798726,1.3491992790376626
2020-05-11,1.211519314798726,1.3364472677012453
2020-05-12,1.191899272077704,1.3056834895262732
2020-05-13,1.136109360816551,1.3315939841252582
2020-05-14,1.1127807377923504,1.3300898694944618
2020-05-15,1.104572796374054,1.3503967609691407
2020-05-18,1.1218210709454206,1.3459556570807822
2020-05-19,1.1436908440948568,1.3668767587259905
2020-05-20,1.1267539648131728,1.3189370001273002
2020-05-21,1.1237590742400447,1.3384567164856662
2020-05-22,1.1068150958115708,1.351539295315884
2020-05-26,1.0727767292327313,1.3280422143403825
2020-05-27,1.0687381714423656,1.298179556519915
2020-05-28,1.0581521727272059,1.300121786790831
2020-05-29,1.0607049222689142,1.252658251066208
2020-06-01,1.0604309434965282,1.254442484335611
2020-06-02,1.0369893256892546,1.3308586089801202
2020-06-03,1.054125336151213,1.313289266878499
2020-06-04,1.086339303942679,1.3174127364337298
2020-06-05,1.0900138593219846,1.4013619464739568
2020-06-08,1.1000554061935148,1.4152437651895418
2020-06-09,1.130819184368487,1.4182368581391265
2020-06-10,1.1479551948304452,1.4820475480806112
2020-06-11,1.1496868547474144,1.4719245421005693
2020-06-12,1.5646477398614484,1.4478519060659918
2020-06-15,1.5365244156297349,1.4524483608126524
2020-06-16,1.5614684559345475,1.4660724424332776
2020-06-17,1.546854923919541,1.4658179845644312
2020-06-18,1.5279758356689148,1.4660825403837028
2020-06-19,1.5432473478668174,1.522204137550144
2020-06-22,1.5399727594629498,1.557091385280347
2020-06-23,1.5650407160758877,1.4973660696394118
2020-06-24,1.5410857674830167,1.468278745412859
2020-06-25,1.517038991293296,1.4433404911406218
2020-06-26,1.5360132945802178,1.4076727217490173
2020-06-29,1.5702988909829767,1.4270088914434764
2020-06-30,1.5864252914206718,1.4109136311901151
2020-07-01,1.5864252914206718,1.4394632743796976
2020-07-02,1.5718117594056655,1.4603426571879536
2020-07-06,1.6062945967692077,1.4923358712002526
2020-07-07,1.6120716735706282,1.491777159666275
2020-07-08,1.5732121297395065,1.4918624113440546
2020-07-09,1.5049730537024717,1.4942253357173814
2020-07-10,1.4951505472545,1.5318343549589253
2020-07-13,1.4828572315356536,1.5320018605564671
2020-07-14,1.4611673162467633,1.5367381845881434
2020-07-15,1.5025824270765635,1.080904756118806
2020-07-16,1.491425249510853,1.0949908125831156
2020-07-17,1.5329661471012428,1.0988541728174044
2020-07-20,1.4983087880732622,1.1152013270342664
2020-07-21,1.4855212021947009,1.1091476136524354
2020-07-22,1.4907153080762094,1.138395195523979
2020-07-23,1.4936579389441629,1.1293080780159237
2020-07-24,1.4756713688973127,1.1293080780159237
2020-07-27,1.444474665948953,1.1299474258137978
2020-07-28,1.4476013095138665,1.1798762970396812
2020-07-29,1.4529765765993234,1.1476727752947287
2020-07-30,1.4517228529120305,1.230033482338217
2020-07-31,1.368662742550225,1.2030201211534768
2020-08-03,1.3533912303523223,1.2206534139787089
2020-08-04,1.3288361347171638,1.2071704307106244
2020-08-05,1.3251170755285935,1.2016953629277736
2020-08-06,1.3258095589104748,1.1740165094807626
2020-08-07,1.3432230519550603,1.1960457734804681
2020-08-10,1.356906061156224,1.2092885627972325
2020-08-11,1.3338011551375593,1.1899027159671376
2020-08-12,1.3142044563482385,1.220060366739262
2020-08-13,1.2913566248350008,1.2049652230302015
2020-08-14,1.2880307144363718,1.2529049816288917
2020-08-17,1.2892827249441736,1.2717616834870769
2020-08-18,1.2920061601075306,1.3260632924541014
2020-08-19,1.3072776723054331,1.3507955062988315
2020-08-20,1.3124277530041097,1.3320286519178945
2020-08-21,1.3130615429305972,1.3510075232921868
2020-08-24,1.3236103482733788,1.366645350602069
2020-08-25,1.3390182868810554,1.3683282825577356
2020-08-26,1.3396120731750911,1.3432603259447977
2020-08-27,1.3222345125914237,1.336502574142995
2020-08-28,1.346927921606827,1.3374036944974996
2020-08-31,1.3424699321879225,1.267576115463726
2020-09-01,1.3459135030106393,1.2362516979696065
2020-09-02,1.3273734094972987,1.28645605756136
2020-09-03,1.3094068594728758,1.1989181670939162
2020-09-04,1.3283367143380402,1.1999441319772401
2020-09-08,0.8722843531584912,1.199522168510852
2020-09-09,0.8947355806245846,1.1958031093222814
2020-09-10,0.8516480035642132,1.1784167345934684
2020-09-11,0.8517602374339023,1.1983154424013422
2020-09-14,0.8852304713070933,1.2082188962797598
2020-09-15,0.8719637285404325,1.1574768556510362
2020-09-16,1.3311817568141602,1.1757870604621712
2020-09-17,1.2844590837990515,1.1772372500786652
2020-09-18,1.2872600689636078,1.2146708291037596
2020-09-21,1.2879137475161626,1.2139904625284386
2020-09-22,1.338254162285235,1.2166938694390113
2020-09-23,1.3318264542717022,1.2072539448569977
2020-09-24,1.387658189059612,1.2108256036322937
2020-09-25,1.3852147978230809,1.1872231482278008
2020-09-28,1.4059272343272793,1.1333544640341637
2020-09-29,1.3746240347439398,1.0984154081594566
2020-09-30,1.3686794523449777,1.1344068123153463
2020-10-01,1.3909485286355514,1.139230027929603
2020-10-02,1.3715626818054567,1.1904195227255967
2020-10-05,1.3831151348147892,1.1667010504882198
2020-10-06,1.381395397544202,1.1929459665547235
2020-10-07,1.4389480162207495,1.2213584347586974
2020-10-08,1.3674403588682764,1.2223826477455917
2020-10-09,1.3635356706061985,1.222633279035001
2020-10-12,1.320213720590103,1.2184850115780572
2020-10-13,1.3612987876316167,1.2531423706060545
2020-10-14,1.346633402836562,1.2581356557232155
2020-10-15,1.3460228339502323,1.2442223607628327
2020-10-16,1.3475883642808024,1.2541643665106803
2020-10-19,1.347697654289905,1.3240759087782867
2020-10-20,1.3302648450368602,1.3222270494331818
2020-10-21,1.3229009658322093,1.2775433572879435
2020-10-22,1.3344534188415416,1.3089715454389814
2020-10-23,1.3207510971623573,1.238403103695694
2020-10-26,1.3232065090749716,1.2421929343989546
2020-10-27,1.3161405142292328,1.2631971617360302
2020-10-28,1.3369765506758213,1.317240367594122
2020-10-29,1.3406956098643914,1.3345009924192177
2020-10-30,1.3418454910558408,1.3508481466360631
2020-11-02,1.325115854622553,1.305167479570643
2020-11-03,1.3124641021500238,1.2993733872836541
2020-11-04,1.3199311808588066,1.3028340433632914
2020-11-05,1.3195545169935194,1.2878023434562573
2020-11-06,1.3198156189392594,1.3061125482673928
2020-11-09,1.3204124431508713,1.24822058088003
2020-11-10,1.3205310676136857,1.2329490686821274
2020-11-11,1.3357042511094686,1.1963286590598572
2020-11-12,1.3775760115090705,1.169166272749943
2020-11-13,1.3577996604821694,1.18793312713088
2020-11-16,1.3550651918740926,1.173562735287482
2020-11-17,1.36329282220982,1.1857441937631952
2020-11-18,1.3487207133302344,1.1821086769383509
2020-11-19,1.3496987716940358,1.1688002153347212
2020-11-20,1.3648508090672948,1.1834926783918926
2020-11-23,1.3114717016849897,1.1809235003947718
2020-11-24,1.3175626979098973,1.1709595503821781
2020-11-25,1.304823973592767,1.1644152031178086
2020-11-27,1.3108012037331678,1.1023873818355265
2020-11-30,1.306181024190093,1.1181908540829006
2020-12-01,1.303396789445707,1.1148463424918649
2020-12-02,1.3641325154502495,1.115268305958253
2020-12-03,1.3631976910060652,1.1208942043331191
2020-12-04,1.8236315359405622,1.1268511278408935
2020-12-07,1.819206904021549,1.121849384633388
2020-12-08,1.7834413826390711,1.1041125369342246
2020-12-09,1.78408003037744,1.1365443727518132
2020-12-10,1.3887630265030197,1.0709053675227211
2020-12-11,1.3898050324527087,1.0530214434080802
2020-12-14,1.3877574712342864,1.0198902042721745
2020-12-15,1.403028983432189,1.0199737466358836
2020-12-16,1.3265280409625548,1.0929030303302214
2020-12-17,1.2985453080445097,1.1116698847111586
2020-12-18,1.2377010040229475,1.1323409314733441
2020-12-21,1.239818651991596,1.1457039484993896
2020-12-22,1.2151428703354945,1.1429788604161486
2020-12-23,1.2112758499130576,1.1426105212994706
2020-12-24,1.230008018190581,1.1117218985956792
2020-12-28,1.2060210721476772,1.144853137731585
2020-12-29,1.2116463129176713,1.120051853474421
2020-12-30,1.2463036719456686,1.1073361377661628
